U10,Seed,Group,MssAlong,MssCross,MssTotal,Gamma,PrimaryMss,ShortWaveMss,PreClosureMssTotal,PreClosureGamma
1,1,Linear Elfouhaily,0.0117984490876931,0.00685337198919479,0.0186518210768879,0.762148661403241,0.00836009644720296,0.0102917246296849,NaN,NaN
1,1,Elfouhaily-Constrained Modified Lie,0.0116442712201207,0.00687991907822312,0.0185241902983438,0.76866217202715,0.00834786837852035,0.0101763219198234,0.0187527543303035,0.760954976861757
1,2,Linear Elfouhaily,0.0120124973343145,0.00687431796209879,0.0188868152964133,0.756481228532263,0.00839522724005686,0.0104915880563565,NaN,NaN
1,2,Elfouhaily-Constrained Modified Lie,0.0118500387779766,0.00689267612768263,0.0187427149056592,0.762665411104153,0.00836989228205213,0.0103728226236071,0.0189753672512722,0.755018344052874
1,3,Linear Elfouhaily,0.0111312592753692,0.00679434947868168,0.0179256087540509,0.781271157419875,0.0084530337593055,0.00947257499474538,NaN,NaN
1,3,Elfouhaily-Constrained Modified Lie,0.010992078136366,0.00681572873125281,0.0178078068676188,0.787437775212812,0.00843593521346972,0.00937187165414906,0.0180234235033244,0.779542321481607
1,4,Linear Elfouhaily,0.0115227563641151,0.00663504585861133,0.0181578022227264,0.758828746490669,0.00850679377496022,0.00965100844776621,NaN,NaN
1,4,Elfouhaily-Constrained Modified Lie,0.0113824514954353,0.00665634815004521,0.0180387996454805,0.764715882724616,0.00849450017457093,0.00954429947090958,0.0182622556699811,0.757048256075719
1,5,Linear Elfouhaily,0.0115869280446742,0.00696204778586805,0.0185489758305422,0.775147489730274,0.00833295691753156,0.0102160189130107,NaN,NaN
1,5,Elfouhaily-Constrained Modified Lie,0.0114309840074427,0.00698301308404426,0.018413997091487,0.781591125012739,0.00831003910626508,0.0101039579852219,0.0186382706794469,0.773754294270664
1,6,Linear Elfouhaily,0.0113712482450623,0.0068622186653338,0.0182334669103961,0.776833965638292,0.00823007374218127,0.0100033931682148,NaN,NaN
1,6,Elfouhaily-Constrained Modified Lie,0.0112318143052143,0.00688398965124409,0.0181158039564583,0.782879907398541,0.00822092689807016,0.00989487705838818,0.0183361596099421,0.77503015433801
1,7,Linear Elfouhaily,0.0113320714500617,0.00678825846038743,0.0181203299104491,0.773970722609809,0.00849204556038786,0.00962828435006129,NaN,NaN
1,7,Elfouhaily-Constrained Modified Lie,0.0111915284963294,0.00681323274832554,0.018004761244655,0.780246645483517,0.00847986300139882,0.00952489824325614,0.0182243474166247,0.772423295522082
1,8,Linear Elfouhaily,0.0119479574654768,0.0068926427935129,0.0188406002589897,0.759531958323674,0.00854235986528237,0.0102982403937073,NaN,NaN
1,8,Elfouhaily-Constrained Modified Lie,0.0117926227101901,0.00691380324480334,0.0187064259549935,0.76569058325341,0.00852303346049676,0.0101833924944967,0.018937926333388,0.758013183511109
1,9,Linear Elfouhaily,0.0114764326059704,0.00658903489106735,0.0180654674970378,0.757717727874854,0.00853990794053438,0.00952555955650341,NaN,NaN
1,9,Elfouhaily-Constrained Modified Lie,0.0113061065509805,0.00660899943804656,0.0179151059890271,0.764559555413562,0.00849580657331285,0.00941929941571423,0.0181370644633777,0.756893496221917
1,10,Linear Elfouhaily,0.0116119467419621,0.00694471089226411,0.0185566576342262,0.773347289593101,0.00853838086036476,0.0100182767738615,NaN,NaN
1,10,Elfouhaily-Constrained Modified Lie,0.0114651811540427,0.00696274240101231,0.018427923555055,0.779291076808716,0.00851888296409998,0.009909040590955,0.018652886742009,0.771477308110075
1,11,Linear Elfouhaily,0.011502436304781,0.00703623844714244,0.0185386747519234,0.782123537308424,0.00841652844464223,0.0101221463072812,NaN,NaN
1,11,Elfouhaily-Constrained Modified Lie,0.0113680698399311,0.00706100419429019,0.0184290740342213,0.788115498712759,0.00841543451185819,0.0100136395223631,0.0186520604850806,0.780213249607107
1,12,Linear Elfouhaily,0.0112573756267779,0.00663521017233567,0.0178925857991136,0.767730444818678,0.00829340634953964,0.00959917944957394,NaN,NaN
1,12,Elfouhaily-Constrained Modified Lie,0.0111063088904801,0.0066521231619608,0.0177584320524409,0.773918568493724,0.008264778373439,0.00949365367900186,0.0179763956642873,0.766158668674832
1,13,Linear Elfouhaily,0.0115858719693386,0.006880723112019,0.0184665950813576,0.77064200706834,0.00824721447833057,0.010219380603027,NaN,NaN
1,13,Elfouhaily-Constrained Modified Lie,0.0114353159766211,0.00689909867254376,0.0183344146491649,0.776733602132781,0.00822739701532862,0.0101070176338363,0.0185588124665062,0.768945476632384
1,14,Linear Elfouhaily,0.011517474563933,0.00683272622322378,0.0183502007871568,0.770226362084903,0.00817777328421427,0.0101724275029426,NaN,NaN
1,14,Elfouhaily-Constrained Modified Lie,0.0113537950523947,0.0068546015585818,0.0182083966109765,0.776999219294356,0.00814764330510643,0.01006075330587,0.0184311926006305,0.76920843051303
1,15,Linear Elfouhaily,0.011565479211998,0.00691701101462195,0.0184824902266199,0.773352364051108,0.0082295688771912,0.0102529213494287,NaN,NaN
1,15,Elfouhaily-Constrained Modified Lie,0.0114022129451215,0.00693695988395088,0.0183391728290724,0.779991765395481,0.00819879919754465,0.0101403736315277,0.0185628948431131,0.772170971056861
1,16,Linear Elfouhaily,0.0114988563601602,0.00670231295332024,0.0182011693134804,0.763457783015634,0.00842857889804852,0.00977259041543188,NaN,NaN
1,16,Elfouhaily-Constrained Modified Lie,0.0113483659560612,0.0067278289406067,0.0180761948966679,0.769964681173096,0.00841272870007962,0.00966346619658831,0.0182989403298171,0.762244426054245
1,17,Linear Elfouhaily,0.0119266934289132,0.00704597897584464,0.0189726724047579,0.768618163948465,0.00825573773771224,0.0107169346670456,NaN,NaN
1,17,Elfouhaily-Constrained Modified Lie,0.0117598330781341,0.00706732173166944,0.0188271548098035,0.775223362968816,0.00822912282349447,0.0105980319863091,0.0190579331943546,0.767450380282007
1,18,Linear Elfouhaily,0.0115163228070085,0.00673005785515853,0.018246380662167,0.764455982855617,0.00834480766840531,0.00990157299376168,NaN,NaN
1,18,Elfouhaily-Constrained Modified Lie,0.0113681723653896,0.00675290340409587,0.0181210757694855,0.770725882747913,0.00832923070896225,0.00979184506052325,0.0183442039189312,0.762997995239552
1,19,Linear Elfouhaily,0.0113301072650047,0.0070008355475984,0.0183309428126031,0.786064036708613,0.00844409071605415,0.00988685209654893,NaN,NaN
1,19,Elfouhaily-Constrained Modified Lie,0.0111699787405852,0.00701353240451738,0.0181835111451026,0.792395919930755,0.00840134938854593,0.00978216175655662,0.0184025777543411,0.784450752046324
1,20,Linear Elfouhaily,0.0119110677861817,0.00695556218712575,0.0188666299733074,0.764171384374779,0.00857266697065349,0.0102939630026539,NaN,NaN
1,20,Elfouhaily-Constrained Modified Lie,0.0117513765139753,0.00697754106065334,0.0187289175746286,0.770560654499773,0.00854889622754473,0.0101800213470839,0.0189595683980034,0.762834423696271
2,1,Linear Elfouhaily,0.0130338794726262,0.00795174738029301,0.0209856268529193,0.781078056394848,0.00838319397694663,0.0126024328759726,NaN,NaN
2,1,Elfouhaily-Constrained Modified Lie,0.0128753007800706,0.00796587890740985,0.0208411796874804,0.786571412957644,0.00837547936085367,0.0124657003266267,0.0210867447021809,0.779912654637168
2,2,Linear Elfouhaily,0.0132946466309817,0.00804517922235717,0.0213398258533389,0.777910193656071,0.00841854428170476,0.0129212815716341,NaN,NaN
2,2,Elfouhaily-Constrained Modified Lie,0.0131272471454959,0.00805098601584457,0.0211782331613404,0.783136931832502,0.00839775914490897,0.0127804740164315,0.0214285202015605,0.776507248278019
2,3,Linear Elfouhaily,0.012261562759435,0.00790747288437452,0.0201690356438095,0.803056206599976,0.00847607324228261,0.0116929624015269,NaN,NaN
2,3,Elfouhaily-Constrained Modified Lie,0.0121188770203013,0.00791651592944287,0.0200353929497442,0.808231654806421,0.00846361132310725,0.011571781626637,0.0202670234030451,0.801389530661485
2,4,Linear Elfouhaily,0.0127362899132983,0.00768775028164856,0.0204240401949469,0.776923335117146,0.0085301170189936,0.0118939231759533,NaN,NaN
2,4,Elfouhaily-Constrained Modified Lie,0.0125915903707513,0.00769702829655942,0.0202886186673107,0.78184605323402,0.00852264494964641,0.0117659737176643,0.0205286628364997,0.775227297674716
2,5,Linear Elfouhaily,0.0128175453840761,0.00808527597587137,0.0209028213599474,0.794227631438822,0.00835624751671617,0.0125465738432313,NaN,NaN
2,5,Elfouhaily-Constrained Modified Lie,0.0126569516663031,0.00809360414801362,0.0207505558143167,0.799661926642698,0.00833771935388411,0.0124128364604326,0.0209922654667109,0.792892349945805
2,6,Linear Elfouhaily,0.0125515866070568,0.00796473662084979,0.0205163232279066,0.796592835317084,0.0082530025384408,0.0122633206894658,NaN,NaN
2,6,Elfouhaily-Constrained Modified Lie,0.0124081118926355,0.00797406410586451,0.0203821759985,0.801654086568444,0.00824834361014039,0.0121338323883596,0.0206191801166567,0.794867645145396
2,7,Linear Elfouhaily,0.012506595597551,0.00789672494582636,0.0204033205433774,0.794609864204285,0.00851498814290702,0.0118883324004704,NaN,NaN
2,7,Elfouhaily-Constrained Modified Lie,0.0123620606685613,0.00790937997711248,0.0202714406456738,0.799881743843779,0.00850758471821234,0.0117638559274614,0.0205075238805634,0.793110306273744
2,8,Linear Elfouhaily,0.0132063263530286,0.00798672300364296,0.0211930493566716,0.777666334502759,0.0085654027657484,0.0126276465909232,NaN,NaN
2,8,Elfouhaily-Constrained Modified Lie,0.0130463861163946,0.00799539004536211,0.0210417761617567,0.782843074249014,0.00855081165210667,0.0124909645096501,0.0212905144262058,0.776215878360109
2,9,Linear Elfouhaily,0.0126954393287543,0.00766132618307,0.0203567655118243,0.776833792594742,0.00856311580296916,0.0117936497088551,NaN,NaN
2,9,Elfouhaily-Constrained Modified Lie,0.012520456330333,0.00766932164518364,0.0201897779755166,0.782651455353352,0.0085236266777111,0.0116661512978055,0.0204284846117723,0.776025881623473
2,10,Linear Elfouhaily,0.0127798004977594,0.00803877268555396,0.0208185731833133,0.793108924784751,0.00856177464360464,0.0122567985397087,NaN,NaN
2,10,Elfouhaily-Constrained Modified Lie,0.0126295811323232,0.00804422088892976,0.020673802021253,0.798082008040056,0.00854688232730407,0.0121269196939489,0.0209149514817104,0.79132580622047
2,11,Linear Elfouhaily,0.0126923480430268,0.00817327491990619,0.020865622962933,0.802466788389485,0.00843978284099295,0.0124258401219401,NaN,NaN
2,11,Elfouhaily-Constrained Modified Lie,0.0125540000381665,0.00818527517334539,0.0207392752115119,0.807468481595514,0.00844330990129251,0.0122959653102194,0.0209792040488664,0.800632818130287
2,12,Linear Elfouhaily,0.0124627614848282,0.00771285767802217,0.0201756191628504,0.786684361761338,0.00831637635650097,0.0118592428063494,NaN,NaN
2,12,Elfouhaily-Constrained Modified Lie,0.0123070058759305,0.00771772559322706,0.0200247314691575,0.791896571178984,0.00829224706338549,0.011732484405772,0.0202595793135926,0.785192732474159
2,13,Linear Elfouhaily,0.0127648147364851,0.00802813796284894,0.020792952699334,0.793049244250873,0.00827032743519379,0.0125226252641402,NaN,NaN
2,13,Elfouhaily-Constrained Modified Lie,0.0126105497712983,0.00803397863937657,0.0206445284106749,0.798175377036404,0.00825499876814829,0.0123895296425266,0.0208853166965517,0.791418384797066
2,14,Linear Elfouhaily,0.0126927643637796,0.00793288947184938,0.020625653835629,0.790565017430906,0.0082006011259518,0.0124250527096771,NaN,NaN
2,14,Elfouhaily-Constrained Modified Lie,0.0125253096967061,0.00794237491757255,0.0204676846142787,0.796307773928678,0.00817495335458025,0.0122927312596984,0.0207068014403127,0.789566591973731
2,15,Linear Elfouhaily,0.0127944177570397,0.00806553572172196,0.0208599534787616,0.793974118911822,0.00825235367844592,0.0126075998003157,NaN,NaN
2,15,Elfouhaily-Constrained Modified Lie,0.01262648614402,0.00807289202243338,0.0206993781664533,0.799600981620011,0.00822598638542105,0.0124733917810323,0.020940504571672,0.792831920856154
2,16,Linear Elfouhaily,0.012708217067402,0.00776468412514894,0.0204729011925509,0.781663052474568,0.00845164062714786,0.0120212605654031,NaN,NaN
2,16,Elfouhaily-Constrained Modified Lie,0.0125533399476688,0.00777807415591498,0.0203314141035837,0.7871479972297,0.00844027033688969,0.0118911437666941,0.0205708518965853,0.780484357807196
2,17,Linear Elfouhaily,0.0132319561926109,0.0082108733679582,0.0214428295605691,0.787739548790562,0.00827851333605127,0.0131643162245178,NaN,NaN
2,17,Elfouhaily-Constrained Modified Lie,0.0130596051251239,0.00821940848812099,0.0212790136132448,0.793332524299068,0.00825638225121457,0.0130226313620303,0.0215282578611815,0.786616529463688
2,18,Linear Elfouhaily,0.0126686045530796,0.00781363237064272,0.0204822369237223,0.785347918432095,0.00836766238883687,0.0121145745348854,NaN,NaN
2,18,Elfouhaily-Constrained Modified Lie,0.0125171260252821,0.007824276717951,0.0203414027432331,0.790623626468551,0.00835665215818234,0.0119847505850508,0.0205802305379834,0.783930563938709
2,19,Linear Elfouhaily,0.0125519996758216,0.00814631089358743,0.0206983105694091,0.80560848270389,0.00846737445259611,0.0122309361168129,NaN,NaN
2,19,Elfouhaily-Constrained Modified Lie,0.0123869511537432,0.00814626035405224,0.0205332115077955,0.810955326160843,0.00842915035219113,0.0121040611556043,0.0207700299657382,0.804090144644389
2,20,Linear Elfouhaily,0.0131562585671044,0.0080823081988307,0.0212385667659351,0.783793221836318,0.00859576986934655,0.0126427968965885,NaN,NaN
2,20,Elfouhaily-Constrained Modified Lie,0.0129921396836196,0.00809166500816896,0.0210838046917886,0.789184608911753,0.0085767206341052,0.0125070840576834,0.0213316610471049,0.782503728454602
3,1,Linear Elfouhaily,0.014249003127631,0.00895215416697792,0.023201157294609,0.792631879216515,0.00849260747202012,0.0147085498225888,NaN,NaN
3,1,Elfouhaily-Constrained Modified Lie,0.0140572739543089,0.0089356356899012,0.0229929096442101,0.797282391861599,0.0084715329779967,0.0145213766662134,0.0233045833194717,0.791492629595572
3,2,Linear Elfouhaily,0.0145313913014268,0.0090502292425087,0.0235816205439355,0.789180219349552,0.00852826135242518,0.0150533591915103,NaN,NaN
3,2,Elfouhaily-Constrained Modified Lie,0.0143301047047911,0.00902492618006287,0.023355030884854,0.793591755418127,0.00849387548339086,0.0148611554014631,0.023672371922132,0.787828794079647
3,3,Linear Elfouhaily,0.0134510863359843,0.00886853256871655,0.0223196189047009,0.811983496852733,0.00858628165937702,0.0137333372453238,NaN,NaN
3,3,Elfouhaily-Constrained Modified Lie,0.01327647799364,0.00884717834638805,0.0221236563400281,0.816320966430382,0.00856031749343661,0.0135633388465914,0.0224198690632551,0.810392948482602
3,4,Linear Elfouhaily,0.0139609949982766,0.00863328883922591,0.0225942838375025,0.786375455589595,0.008641434007431,0.0139528498300715,NaN,NaN
3,4,Elfouhaily-Constrained Modified Lie,0.0137834109350452,0.00861296483182211,0.0223963757668673,0.790492920477836,0.00862059084949339,0.0137757849173739,0.022701303238241,0.784752462480442
3,5,Linear Elfouhaily,0.0140148750132961,0.00908866903395808,0.0231035440472542,0.80529597770285,0.00846532306628559,0.0146382209809686,NaN,NaN
3,5,Elfouhaily-Constrained Modified Lie,0.0138215617197189,0.00906579969916876,0.0228873614188877,0.809887136389505,0.00843324266424629,0.0144541187546414,0.0231950794001247,0.804005840088631
3,6,Linear Elfouhaily,0.013768541277383,0.00895033227806363,0.0227188735554466,0.806260927617311,0.00836074709952958,0.0143581264559171,NaN,NaN
3,6,Elfouhaily-Constrained Modified Lie,0.0135923943446234,0.00892894807790404,0.0225213424225274,0.810498407446848,0.00834299133277553,0.0141783510897519,0.0228240193961241,0.804612672174113
3,7,Linear Elfouhaily,0.0137161229455026,0.00888853506786829,0.0226046580133709,0.805006543304663,0.00862576080364848,0.0139788972097224,NaN,NaN
3,7,Elfouhaily-Constrained Modified Lie,0.0135391106914551,0.00887074278449518,0.0224098534759502,0.809440487959078,0.00860496290439949,0.0138048905715507,0.0227112386433132,0.803562435161703
3,8,Linear Elfouhaily,0.0143727598478817,0.00893953002960975,0.0233122898774914,0.788655359934211,0.00867666597050159,0.0146356239069899,NaN,NaN
3,8,Elfouhaily-Constrained Modified Lie,0.0141804562840151,0.0089175591528085,0.0230980154368236,0.79300859921129,0.00864843884133035,0.0144495765954933,0.02341198296931,0.78724987267824
3,9,Linear Elfouhaily,0.0139063549520862,0.00861868142501542,0.0225250363771016,0.787251975050184,0.0086745316765054,0.0138505047005963,NaN,NaN
3,9,Elfouhaily-Constrained Modified Lie,0.0136982238044391,0.00859709656426729,0.0222953203687064,0.792216299651558,0.00862094176292236,0.013674378605784,0.0225985327946266,0.786463326696086
3,10,Linear Elfouhaily,0.0139307994687016,0.0089801414150289,0.0229109408837305,0.802885412859721,0.00867342576590536,0.0142375151178252,NaN,NaN
3,10,Elfouhaily-Constrained Modified Lie,0.0137489585150392,0.00895478675537585,0.022703745270415,0.807035656815236,0.00864481323205733,0.0140589320383577,0.0230095592122934,0.80117506759257
3,11,Linear Elfouhaily,0.0139069377534755,0.00916709581141771,0.0230740335648932,0.811895491675444,0.00854996007555378,0.0145240734893394,NaN,NaN
3,11,Elfouhaily-Constrained Modified Lie,0.0137359980088715,0.00914770733097739,0.0228837053398489,0.816067384948351,0.00854026519063821,0.0143434401492107,0.0231901446573296,0.810141208476705
3,12,Linear Elfouhaily,0.0137379442729615,0.00869527911090321,0.0224332233838647,0.795574561927794,0.00842483513156711,0.0140083882522976,NaN,NaN
3,12,Elfouhaily-Constrained Modified Lie,0.0135483006416695,0.00867023193910222,0.0222185325807718,0.79996860838237,0.00838724284838973,0.013831289732382,0.0225191852081715,0.794159339157193
3,13,Linear Elfouhaily,0.0139607922434306,0.00905146085292635,0.0230122530963569,0.80520100192903,0.00837852473777791,0.014633728358579,NaN,NaN
3,13,Elfouhaily-Constrained Modified Lie,0.0137739551050806,0.00902616188597462,0.0228001169910552,0.809510017935493,0.00834992607747204,0.0144501909135832,0.0231067369092844,0.803631460220366
3,14,Linear Elfouhaily,0.013921931553494,0.00889845256581485,0.0228203841193088,0.799479804773576,0.00830790741093546,0.0145124767083734,NaN,NaN
3,14,Elfouhaily-Constrained Modified Lie,0.0137210997617088,0.0088774307480591,0.0225985305097679,0.80435762954283,0.00826896307970114,0.0143295674300667,0.022903456133947,0.798516487810045
3,15,Linear Elfouhaily,0.0140075285207241,0.0090377595894306,0.0230452881101547,0.803247966203342,0.00836003531070701,0.0146852527994477,NaN,NaN
3,15,Elfouhaily-Constrained Modified Lie,0.0138064631352944,0.0090141081533076,0.022820571288602,0.808016377447917,0.00832021024312724,0.0145003610454748,0.0231277635127188,0.802148666358054
3,16,Linear Elfouhaily,0.0139573943877787,0.00872979325391735,0.0226871876416961,0.790860352685115,0.00856164273632837,0.0141255449053677,NaN,NaN
3,16,Elfouhaily-Constrained Modified Lie,0.0137689794047644,0.00871330576375822,0.0224822851685226,0.795500765737268,0.00853669416636198,0.0139455910021606,0.0227873895754748,0.789723941411189
3,17,Linear Elfouhaily,0.014485496400538,0.00921164625213372,0.0236971426526718,0.797447194685529,0.00838668464080168,0.0153104580118701,NaN,NaN
3,17,Elfouhaily-Constrained Modified Lie,0.0142789003886596,0.00918858059397814,0.0234674809826377,0.802189240257815,0.00835114956497695,0.0151163314176607,0.0237845769774178,0.796363845089345
3,18,Linear Elfouhaily,0.0138641574964979,0.00877121772767604,0.0226353752241739,0.795395636531352,0.00847671680787469,0.0141586584162992,NaN,NaN
3,18,Elfouhaily-Constrained Modified Lie,0.0136802307668306,0.00875181013459308,0.0224320409014237,0.799838365592832,0.00845237044425104,0.0139796704571727,0.0227356082789385,0.794030042174053
3,19,Linear Elfouhaily,0.0137918538809738,0.00911961479382199,0.0229114686747958,0.813161715747042,0.00857782551076616,0.0143336431640296,NaN,NaN
3,19,Elfouhaily-Constrained Modified Lie,0.0135933441955066,0.00908817216906349,0.0226815163645701,0.817664449845876,0.00852563683317309,0.0141558795313971,0.0229849341162806,0.811726675694193
3,20,Linear Elfouhaily,0.0144065653530994,0.00911175827896651,0.0235183236320659,0.795281478507614,0.00870721326196965,0.0148111103700963,NaN,NaN
3,20,Elfouhaily-Constrained Modified Lie,0.0142084797116382,0.00908982904407289,0.0232983087557111,0.799841717436573,0.00867440381586301,0.0146239049398481,0.0236135984410217,0.794033369677136
4,1,Linear Elfouhaily,0.0170492545238631,0.0112541402501133,0.0283033947739764,0.81246276109507,0.00869672967794457,0.0196066650960318,NaN,NaN
4,1,Elfouhaily-Constrained Modified Lie,0.016783204838927,0.0111895260184231,0.0279727308573502,0.816522953187534,0.00865897586253967,0.0193137549948105,0.0284112287577096,0.811397372048773
4,2,Linear Elfouhaily,0.0174497674779784,0.0113382164903125,0.0287879839682909,0.806078894890965,0.00873292310415036,0.0200550608641405,NaN,NaN
4,2,Elfouhaily-Constrained Modified Lie,0.0171711749993224,0.0112643320959965,0.0284355070953189,0.809939753923907,0.00868137358278694,0.019754133512532,0.0288826687064761,0.80485549767607
4,3,Linear Elfouhaily,0.0163354008484572,0.0110799321514796,0.0274153329999368,0.8235759435943,0.00879191195735911,0.0186234210425777,NaN,NaN
4,3,Elfouhaily-Constrained Modified Lie,0.0160859913566056,0.0110113366089313,0.0270973279655369,0.827363016732415,0.0087490226062219,0.018348305359315,0.0275199059523303,0.822169388975941
4,4,Linear Elfouhaily,0.0168526290871173,0.010881840521338,0.0277344696084553,0.803558218399078,0.0088491338303285,0.0188853357781268,NaN,NaN
4,4,Elfouhaily-Constrained Modified Lie,0.0165996182728242,0.0108147716173923,0.0274143898902165,0.807159989045858,0.00881154532808728,0.0186028445621292,0.02784606960414,0.802093182289641
4,5,Linear Elfouhaily,0.0168861841514319,0.0114199226994235,0.0283061068508554,0.822367278232425,0.00866878027705527,0.0196373265738001,NaN,NaN
4,5,Elfouhaily-Constrained Modified Lie,0.0166172457471288,0.0113480770381352,0.027965322785264,0.826383460375168,0.00861967431463943,0.0193456484706246,0.0284016411478639,0.821195981613734
4,6,Linear Elfouhaily,0.0166918942412398,0.0112471600411609,0.0279390542824007,0.820859115452462,0.00856173424699809,0.0193773200354026,NaN,NaN
4,6,Elfouhaily-Constrained Modified Lie,0.0164397552972893,0.0111775532330304,0.0276173085303197,0.824566523620644,0.00852761695582894,0.0190896915744908,0.0280485714863178,0.819390450364374
4,7,Linear Elfouhaily,0.016579924090163,0.0111807180877073,0.0277606421778703,0.821189863050673,0.00883246976811217,0.0189281724097581,NaN,NaN
4,7,Elfouhaily-Constrained Modified Lie,0.0163282353119534,0.0111150838545078,0.0274433191664612,0.825062306346068,0.00879490874385233,0.0186484104226089,0.0278717636049385,0.819883120899778
4,8,Linear Elfouhaily,0.017116799530177,0.0111569476405233,0.0282737471707004,0.807349192663071,0.00888429201424444,0.0193894551564559,NaN,NaN
4,8,Elfouhaily-Constrained Modified Lie,0.0168511877471538,0.0110874209640909,0.0279386087112447,0.811147828441886,0.00883890997150948,0.0190996987397352,0.028377701771983,0.806055988715913
4,9,Linear Elfouhaily,0.0168220422776651,0.0108391452162903,0.0276611874939554,0.802709046171788,0.00888242840979844,0.018778759084157,NaN,NaN
4,9,Elfouhaily-Constrained Modified Lie,0.0165370002296449,0.0107710601211872,0.0273080603508321,0.807050774804133,0.00881084508680663,0.0184972152640255,0.0277380883027097,0.801984653621366
4,10,Linear Elfouhaily,0.0167061851086552,0.0111510098724752,0.0278571949811304,0.81699322584379,0.00888174391484606,0.0189754510662843,NaN,NaN
4,10,Elfouhaily-Constrained Modified Lie,0.0164511518255701,0.011078241617705,0.0275293934432751,0.820610862090912,0.00883592034928436,0.0186934730939908,0.0279600977182373,0.815459619813428
4,11,Linear Elfouhaily,0.0167923043304758,0.0114374861669059,0.0282297904973817,0.825296764840006,0.00875550857194189,0.0194742819254398,NaN,NaN
4,11,Elfouhaily-Constrained Modified Lie,0.0165462589564537,0.011369458292223,0.0279157172486766,0.828934047123916,0.00872941595307076,0.0191863012956059,0.0283507313436948,0.823730557496798
4,12,Linear Elfouhaily,0.0167253920486844,0.0109424763129175,0.0276678683616018,0.808853100000142,0.00862716022884143,0.0190407081327604,NaN,NaN
4,12,Elfouhaily-Constrained Modified Lie,0.0164581236374592,0.0108703506085545,0.0273284742460137,0.812702537374799,0.00857255879166796,0.0187559154543457,0.027757658051425,0.807600938233306
4,13,Linear Elfouhaily,0.0167793631724668,0.0113807240251438,0.0281600871976107,0.82356372459147,0.00858034907782475,0.0195797381197859,NaN,NaN
4,13,Elfouhaily-Constrained Modified Lie,0.0165181936021322,0.0113065034153923,0.0278246970175245,0.827337830493515,0.00853505502319252,0.019289641994332,0.0282586234155358,0.822144360839286
4,14,Linear Elfouhaily,0.0169467057453091,0.0111960336103455,0.0281427393556545,0.812810775495866,0.00850808369831618,0.0196346556573384,NaN,NaN
4,14,Elfouhaily-Constrained Modified Lie,0.0166669340076335,0.0111269754950347,0.0277939095026682,0.817072714614107,0.00845228628066668,0.0193416232220016,0.02822948948314,0.811943682443397
4,15,Linear Elfouhaily,0.0168731509500275,0.0112493709498363,0.0281225218998638,0.816518488723803,0.00856092005064047,0.0195616018492233,NaN,NaN
4,15,Elfouhaily-Constrained Modified Lie,0.0165963242649926,0.0111778333754712,0.0277741576404638,0.820678129430498,0.0085040724667322,0.0192700851737316,0.0282086773241388,0.815526464893964
4,16,Linear Elfouhaily,0.0169251018979506,0.0109886512705952,0.0279137531685458,0.805761568553363,0.00876687322196118,0.0191468799465847,NaN,NaN
4,16,Elfouhaily-Constrained Modified Lie,0.0166593027312253,0.010925147877761,0.0275844506089863,0.80981394665151,0.00872495179470727,0.018859498814279,0.028018255149329,0.804730480136992
4,17,Linear Elfouhaily,0.0173687743270522,0.0114830448859599,0.0288518192130121,0.813099969955472,0.00858849919674337,0.0202633200162687,NaN,NaN
4,17,Elfouhaily-Constrained Modified Lie,0.0170854664658013,0.0114110641463547,0.0284965306121561,0.817240071615047,0.00853603520149694,0.0199604954106591,0.0289430861144325,0.812109988889806
4,18,Linear Elfouhaily,0.0166893819545126,0.0109963669675072,0.0276857489220198,0.811716707755116,0.00868018776471387,0.0190055611573059,NaN,NaN
4,18,Elfouhaily-Constrained Modified Lie,0.016431181286999,0.010929977381518,0.027361158668517,0.815596283203794,0.00863912709801858,0.0187220315704984,0.0277902601054024,0.81047651907504
4,19,Linear Elfouhaily,0.0167093226266393,0.0113769837991705,0.0280863064258097,0.825152362722662,0.00878388750841863,0.0193024189173911,NaN,NaN
4,19,Elfouhaily-Constrained Modified Lie,0.0164342306526936,0.0112967861589775,0.0277310168116712,0.829092077064517,0.00871387418615626,0.0190171426255149,0.0281631200902064,0.82388759543187
4,20,Linear Elfouhaily,0.0173619546381817,0.0115150703096766,0.0288770249478582,0.814392918125341,0.00891516572576992,0.0199618592220883,NaN,NaN
4,20,Elfouhaily-Constrained Modified Lie,0.0170860893570418,0.0114435510630093,0.0285296404200512,0.818387654334683,0.00886502826488767,0.0196646121551635,0.0289764691183123,0.813250367858071
5,1,Linear Elfouhaily,0.0192544530728165,0.0130587501036126,0.0323132031764292,0.823540974835555,0.00878114455979783,0.0235320586166313,NaN,NaN
5,1,Elfouhaily-Constrained Modified Lie,0.0189141813702372,0.0129375433667931,0.0318517247370303,0.827050702115036,0.00872486075205466,0.0231268639849757,0.0324225153344363,0.822552528660802
5,2,Linear Elfouhaily,0.019818694140109,0.013117698336034,0.0329363924761429,0.813563211529541,0.00881699981706704,0.0241193926590759,NaN,NaN
5,2,Elfouhaily-Constrained Modified Lie,0.0194620508509574,0.0129871222551994,0.0324491731061568,0.816887335200216,0.0087471647909989,0.0237020083151579,0.0330328117763845,0.812444438390021
5,3,Linear Elfouhaily,0.0186113506519779,0.0128014876677889,0.0314128383197668,0.829356543008322,0.00887632431815671,0.0225365140016101,NaN,NaN
5,3,Elfouhaily-Constrained Modified Lie,0.0182878296191577,0.012677775539837,0.0309656051589947,0.832607743623283,0.00881526561737456,0.0221503395416201,0.0315194054124196,0.828079346463861
5,4,Linear Elfouhaily,0.019232740915385,0.0127117186487852,0.0319444595641702,0.812983151719837,0.00893454438881943,0.0230099151753508,NaN,NaN
5,4,Elfouhaily-Constrained Modified Lie,0.0189026667414679,0.0125889767306905,0.0314916434721584,0.816081770107777,0.00887888659031299,0.0226127568818454,0.0320582251959747,0.811643254614839
5,5,Linear Elfouhaily,0.0191808451274418,0.0132566092182837,0.0324374543457255,0.831347045615665,0.00875244019272903,0.0236850141529965,NaN,NaN
5,5,Elfouhaily-Constrained Modified Lie,0.0188361062162997,0.013127217564279,0.0319633237805786,0.83481602316811,0.00868491336186811,0.0232784104187105,0.0325345132855055,0.830275615590944
5,6,Linear Elfouhaily,0.0190062634142206,0.0130295037701042,0.0320357671843248,0.8279718392622,0.00864444620293401,0.0233913209813908,NaN,NaN
5,6,Elfouhaily-Constrained Modified Lie,0.0186781054237764,0.0129035492879719,0.0315816547117483,0.83116678822793,0.0085921466098738,0.0229895081018744,0.0321467659427886,0.826646228154302
5,7,Linear Elfouhaily,0.0188370017363674,0.0129408139391741,0.0317778156755415,0.828848026243839,0.00891789911609216,0.0228599165594494,NaN,NaN
5,7,Elfouhaily-Constrained Modified Lie,0.0185113697561739,0.0128192501772335,0.0313306199334075,0.832169958709772,0.00886220941580009,0.0224684105176074,0.0318910366184224,0.827643942580281
5,8,Linear Elfouhaily,0.0194432912964858,0.0129102183046222,0.032353509601108,0.814857939892239,0.00896975269881522,0.0233837569022928,NaN,NaN
5,8,Elfouhaily-Constrained Modified Lie,0.0191012759321279,0.0127849451185989,0.0318862210507268,0.818122326854311,0.00890605340152702,0.0229801676491998,0.0324594777540013,0.813672713156432
5,9,Linear Elfouhaily,0.0192679071286634,0.012652929061787,0.0319208361904504,0.810360501286244,0.0089677600590161,0.0229530761314343,NaN,NaN
5,9,Elfouhaily-Constrained Modified Lie,0.0189035392561457,0.0125293532604695,0.0314328925166152,0.81412813835905,0.00887696133048174,0.0225559311861335,0.0319988180344093,0.809700248302315
5,10,Linear Elfouhaily,0.0189350247779493,0.0129123883628861,0.0318474131408354,0.825791391027935,0.00896730953651823,0.0228801036043172,NaN,NaN
5,10,Elfouhaily-Constrained Modified Lie,0.0186063152902284,0.0127836943121648,0.0313900096023932,0.828892100177811,0.00890292960381855,0.0224870799985746,0.0319521524807252,0.824383911705316
5,11,Linear Elfouhaily,0.0191157653199768,0.0132046947433864,0.0323204600633632,0.831128812064876,0.00884018946388611,0.0234802705994771,NaN,NaN
5,11,Elfouhaily-Constrained Modified Lie,0.0187942864250501,0.0130799622392978,0.0318742486643479,0.834238684200752,0.00879651198372217,0.0230777366806257,0.0324439647554083,0.829701416661809
5,12,Linear Elfouhaily,0.0190528658211171,0.0127576997544981,0.0318105655756152,0.818287720468644,0.00871048419910631,0.0231000813765089,NaN,NaN
5,12,Elfouhaily-Constrained Modified Lie,0.0187097024101125,0.0126299550330607,0.0313396574431732,0.821613302631879,0.00863812243442642,0.0227015350087467,0.0319023763291749,0.817144702172328
5,13,Linear Elfouhaily,0.0190149078437658,0.0132157602003372,0.032230668044103,0.833679192871339,0.0086635024863331,0.0235671655577699,NaN,NaN
5,13,Elfouhaily-Constrained Modified Lie,0.0186795831569182,0.0130841274807194,0.0317637106376376,0.836929340201533,0.00860022332961937,0.0231634873080183,0.0323309016806281,0.832377438689889
5,14,Linear Elfouhaily,0.0193645185759731,0.0130453701647732,0.0324098887407462,0.820776382300524,0.00859038962525623,0.02381949911549,NaN,NaN
5,14,Elfouhaily-Constrained Modified Lie,0.0190062939487322,0.0129193856334015,0.0319256795821338,0.824464973849828,0.00851680513148759,0.0234088744506462,0.0324983300333684,0.819980863686047
5,15,Linear Elfouhaily,0.0191618428955059,0.0129103945554611,0.032072237450967,0.820826029246116,0.0086438809260999,0.0234283565248671,NaN,NaN
5,15,Elfouhaily-Constrained Modified Lie,0.0188093165009651,0.0127838247226691,0.0315931412236342,0.824411225326311,0.00856883145877251,0.0230243097648617,0.0321598379461328,0.819927407490655
5,16,Linear Elfouhaily,0.0192999209229016,0.012792994889616,0.0320929158125176,0.814157350899079,0.00885118707537749,0.0232417287371401,NaN,NaN
5,16,Elfouhaily-Constrained Modified Lie,0.0189567542541534,0.0126737850534411,0.0316305393075945,0.817657036592548,0.00879095625574723,0.0228395830518473,0.0321992951784884,0.813209953521024
5,17,Linear Elfouhaily,0.0196598848574623,0.0132301742030684,0.0328900590605307,0.820336992776238,0.00867171702677899,0.0242183420337517,NaN,NaN
5,17,Elfouhaily-Constrained Modified Lie,0.0192998366496399,0.0131014196638741,0.032401256313514,0.823914910590546,0.00860078828380578,0.0238004680297082,0.0329825527260636,0.819433792117534
5,18,Linear Elfouhaily,0.0189199822148102,0.0127585727590787,0.0316785549738889,0.821184390366479,0.00876385948587143,0.0229146954880174,NaN,NaN
5,18,Elfouhaily-Constrained Modified Lie,0.0185877161195182,0.0126368527252564,0.0312245688447746,0.824529970939613,0.00870445114822109,0.0225201176965536,0.031784630328232,0.820045507268865
5,19,Linear Elfouhaily,0.0190068275721901,0.0131756185509488,0.0321824461231388,0.83258903892837,0.00886876780240299,0.0233136783207358,NaN,NaN
5,19,Elfouhaily-Constrained Modified Lie,0.018656362041374,0.013038365108293,0.031694727149667,0.835984237017373,0.00878027766541925,0.0229144494842477,0.0322608787810771,0.831437475744464
5,20,Linear Elfouhaily,0.0196646645886445,0.0133858868254691,0.0330505514141136,0.825050064897361,0.00900068639764241,0.0240498650164712,NaN,NaN
5,20,Elfouhaily-Constrained Modified Lie,0.0193121386727843,0.0132561277609204,0.0325682664337047,0.828501225060364,0.00893174473642123,0.0236365216972835,0.0331515921846408,0.823995162484229
6,1,Linear Elfouhaily,0.0211620131622214,0.0145507857284946,0.035712798890716,0.829210385174265,0.00881577294237795,0.026897025948338,NaN,NaN
6,1,Elfouhaily-Constrained Modified Lie,0.0207473543298801,0.0143686151279502,0.0351159694578303,0.832196900682503,0.00874184703655718,0.0263741224212731,0.035823248955322,0.828281386585215
6,2,Linear Elfouhaily,0.021849373647334,0.0145338568370913,0.0363832304844253,0.81558821768192,0.00885228450478352,0.0275309459796418,NaN,NaN
6,2,Elfouhaily-Constrained Modified Lie,0.0214140765483426,0.0143432108182819,0.0357572873666245,0.818414877344503,0.00876425277595353,0.026993034590671,0.0364802508574932,0.814564208125421
6,3,Linear Elfouhaily,0.0204727107680544,0.0141949371197337,0.0346676478877881,0.832681778375153,0.00891183934209408,0.025755808545694,NaN,NaN
6,3,Elfouhaily-Constrained Modified Lie,0.020076404166163,0.0140124078201694,0.0340888119863324,0.83543644947149,0.00883241936179287,0.0252563926245396,0.0347747871781819,0.831505693189399
6,4,Linear Elfouhaily,0.0212366459809719,0.0142364750031761,0.035473120984148,0.818763118154291,0.00897026221504479,0.0265028587691032,NaN,NaN
6,4,Elfouhaily-Constrained Modified Lie,0.0208294457693563,0.0140532970061804,0.0348827427755367,0.821391596275349,0.0088961638936025,0.0259865788819342,0.0355874387808315,0.817526921494689
6,5,Linear Elfouhaily,0.0211073999789704,0.0148024218740666,0.035909821853037,0.837430971566718,0.00878743577025071,0.0271223860827863,NaN,NaN
6,5,Elfouhaily-Constrained Modified Lie,0.0206877159900143,0.0146106710689653,0.0352983870589796,0.840386000401454,0.0087020273131129,0.0265963597458667,0.0360077311562367,0.836431956317612
6,6,Linear Elfouhaily,0.020941252843892,0.0144630631898919,0.035404316033784,0.831053172230023,0.00867894819523726,0.0267253678385467,NaN,NaN
6,6,Elfouhaily-Constrained Modified Lie,0.0205384848075722,0.0142770150273327,0.0348154998349048,0.833747429125608,0.00860928507992293,0.0262062147549819,0.0355164261508232,0.829824619740422
6,7,Linear Elfouhaily,0.0207574804996018,0.014359054558933,0.0351165350585347,0.831717048127725,0.00895302640956299,0.0261635086489717,NaN,NaN
6,7,Elfouhaily-Constrained Modified Lie,0.0203572254101699,0.0141779959325126,0.0345352213426826,0.834541870595983,0.0088789622393434,0.0256562591033392,0.0352303519052107,0.830615323337256
6,8,Linear Elfouhaily,0.0215393957418202,0.0143244787221962,0.0358638744640164,0.815497540419371,0.0090053844131135,0.0268584900509029,NaN,NaN
6,8,Elfouhaily-Constrained Modified Lie,0.0211177022535982,0.0141397717207008,0.0352574739742991,0.818272334114935,0.00892312262831884,0.0263343513459802,0.0359703602871515,0.81442233556649
6,9,Linear Elfouhaily,0.0214488737978386,0.014228444822434,0.0356773186202726,0.814472583966099,0.00900367629866483,0.0266736423216078,NaN,NaN
6,9,Elfouhaily-Constrained Modified Lie,0.0210034787225241,0.014044015330601,0.0350474940531251,0.817711361238793,0.00889474336231329,0.0261527506908118,0.0357562456864159,0.813864002086388
6,10,Linear Elfouhaily,0.0207466245292611,0.0144191310970341,0.0351657556262952,0.833673163722024,0.00900323543169482,0.0261625201946004,NaN,NaN
6,10,Elfouhaily-Constrained Modified Lie,0.0203458481511162,0.0142297487716595,0.0345755969227757,0.836297342779067,0.00892041517649691,0.0256551817462788,0.0352712019803297,0.83236253596533
6,11,Linear Elfouhaily,0.0210792402958735,0.0146776831808186,0.0357569234766921,0.834451841181753,0.00887538328520306,0.026881540191489,NaN,NaN
6,11,Elfouhaily-Constrained Modified Lie,0.0206815312877465,0.0144917220485736,0.0351732533363201,0.837083250692364,0.0088131108681539,0.0263601424681662,0.0358807284027453,0.833144746155754
6,12,Linear Elfouhaily,0.020992094906538,0.0143100447130813,0.0353021396196194,0.825643573363938,0.00874515809406632,0.026556981525553,NaN,NaN
6,12,Elfouhaily-Constrained Modified Lie,0.0205735011144108,0.0141211860393271,0.0346946871537379,0.828478962922588,0.00865449437467327,0.0260401927790646,0.035394203030038,0.824580941846122
6,13,Linear Elfouhaily,0.0208952077540817,0.0147405280922521,0.0356357358463339,0.839910817292472,0.00869804805981858,0.0269376877865153,NaN,NaN
6,13,Elfouhaily-Constrained Modified Lie,0.020486174631521,0.0145469327591488,0.0350331073906698,0.842665629690084,0.00861699988204893,0.0264161075086209,0.0357366776444117,0.838700859874616
6,14,Linear Elfouhaily,0.0213983589542259,0.0146068749283252,0.0360052338825511,0.826206145594953,0.00862482085912703,0.0273804130234241,NaN,NaN
6,14,Elfouhaily-Constrained Modified Lie,0.0209620658529845,0.0144189267502065,0.035380992603191,0.82937211076545,0.00853344571376811,0.0268475468894229,0.0360941688518186,0.825469887398676
6,15,Linear Elfouhaily,0.0211144283730714,0.0142097468590111,0.0353241752320826,0.820358167759666,0.00867807525270547,0.0266460999793771,NaN,NaN
6,15,Elfouhaily-Constrained Modified Lie,0.0206862899209677,0.0140253810892618,0.0347116710102295,0.823409800285313,0.00858532772278312,0.0261263432874464,0.0354125168370709,0.81953562978766
6,16,Linear Elfouhaily,0.0213555667810294,0.0142739535346346,0.0356295203156639,0.817554264538082,0.00888656865350829,0.0267429516621556,NaN,NaN
6,16,Elfouhaily-Constrained Modified Lie,0.0209340421917194,0.014094719623463,0.0350287618151824,0.820543619949917,0.00880805918640244,0.02622070262878,0.035736575000762,0.816682934926073
6,17,Linear Elfouhaily,0.0216892671057082,0.0146930749109743,0.0363823420166825,0.823064571054386,0.00870619478352566,0.0276761472331568,NaN,NaN
6,17,Elfouhaily-Constrained Modified Lie,0.0212512745265994,0.0145032519226204,0.0357545264492198,0.826114423146409,0.00861781826178037,0.0271367081874394,0.0364758848446611,0.822227527308236
6,18,Linear Elfouhaily,0.0207751524690275,0.0142416873347608,0.0350168398037883,0.827958584885741,0.00879885325724241,0.0262179865465459,NaN,NaN
6,18,Elfouhaily-Constrained Modified Lie,0.0203701084707865,0.0140600469509367,0.0344301554217231,0.830800433849424,0.00872171195918804,0.0257084434625351,0.0351238904723391,0.826891490175032
6,19,Linear Elfouhaily,0.0208924131442099,0.0146700035403579,0.0355624166845678,0.837955212139378,0.00890406275868666,0.0266583539258812,NaN,NaN
6,19,Elfouhaily-Constrained Modified Lie,0.0204678532381029,0.0144713333988452,0.034939186636948,0.840849223480301,0.00879708804252642,0.0261420985944216,0.0356412225522974,0.836892999916466
6,20,Linear Elfouhaily,0.0215589800654446,0.0148590570134866,0.0364180370789312,0.83019768699778,0.00903645266928944,0.0273815844096418,NaN,NaN
6,20,Elfouhaily-Constrained Modified Lie,0.0211315073073191,0.0146675992052708,0.0357991065125899,0.833132888681059,0.00894922367616717,0.0268498828364227,0.0365199581495077,0.829212970729105
7,1,Linear Elfouhaily,0.024194690247207,0.0168982201540357,0.0410929104012428,0.835719332549886,0.00889158714341163,0.0322013232578311,NaN,NaN
7,1,Elfouhaily-Constrained Modified Lie,0.0236723476438234,0.0166348094433256,0.040307157087149,0.838278350368906,0.00879990905694853,0.0315072480302004,0.0412046621610395,0.834882977077189
7,2,Linear Elfouhaily,0.025025162748663,0.0167341340842168,0.0417592968328798,0.817736093063981,0.00892772666854378,0.032831570164336,NaN,NaN
7,2,Elfouhaily-Constrained Modified Lie,0.0244779470618798,0.0164647145892557,0.0409426616511355,0.820143047723869,0.00882221086805861,0.0321204507830769,0.0418579025188879,0.816821129892634
7,3,Linear Elfouhaily,0.0233843451922095,0.0163853421742429,0.0397696873664524,0.837076502242747,0.00898757699091504,0.0307821103755373,NaN,NaN
7,3,Elfouhaily-Constrained Modified Lie,0.0228849910892069,0.0161252529040039,0.0390102439932109,0.839417257385416,0.00889078121175077,0.0301194627814601,0.0398786582172448,0.836017271050234
7,4,Linear Elfouhaily,0.0243217947220235,0.0165573875833704,0.040879182305394,0.825083872389081,0.00904691514128407,0.0318322671641099,NaN,NaN
7,4,Elfouhaily-Constrained Modified Lie,0.0238061629220113,0.0162943126075164,0.0401004755295278,0.827319615207015,0.00895551957735221,0.0311449559521756,0.0409954946352749,0.823968629315573
7,5,Linear Elfouhaily,0.0240946236917886,0.017206150504018,0.0413007741958065,0.845048790995187,0.00886251407648613,0.0324382601193204,NaN,NaN
7,5,Elfouhaily-Constrained Modified Lie,0.0235686167359771,0.0169314341634747,0.0405000508994518,0.847578293818853,0.00875948647351685,0.031740564425935,0.0414000515427446,0.844145251917908
7,6,Linear Elfouhaily,0.0239561279733724,0.0166747963145809,0.0406309242879533,0.834299448716504,0.00875318464151017,0.0318777396464431,NaN,NaN
7,6,Elfouhaily-Constrained Modified Lie,0.0234464907087203,0.01641005707702,0.0398565477857403,0.836596649207711,0.00866609853894007,0.0311904492468002,0.0407443409155551,0.833208087499766
7,7,Linear Elfouhaily,0.0238175887471801,0.0165659276216302,0.0403835163688103,0.833986429094214,0.00902974556639324,0.0313537708024171,NaN,NaN
7,7,Elfouhaily-Constrained Modified Lie,0.0233102671329284,0.0163065032303385,0.0396167703632669,0.836386077941162,0.00893832954405509,0.0306784408192118,0.0404992625771994,0.832998369133752
7,8,Linear Elfouhaily,0.0247582835200426,0.0164994221731138,0.0412577056931564,0.816345685031928,0.00908209053804667,0.0321756151551098,NaN,NaN
7,8,Elfouhaily-Constrained Modified Lie,0.0242242548130037,0.0162370284498509,0.0404612832628546,0.818706168818901,0.00898230864933919,0.0314789746135154,0.0413660460927043,0.815390070940256
7,9,Linear Elfouhaily,0.0248433396128568,0.0166700077188838,0.0415133473317406,0.819149013024926,0.00908023840235082,0.0324331089293898,NaN,NaN
7,9,Elfouhaily-Constrained Modified Lie,0.0242806097539291,0.0164035031008252,0.0406841128547543,0.821936956777232,0.00895291995613392,0.0317311928986204,0.0415932194855161,0.818607772873951
7,10,Linear Elfouhaily,0.0235533365914082,0.0167327807669316,0.0402861173583398,0.842864652867712,0.00908001467159782,0.0312061026867419,NaN,NaN
7,10,Elfouhaily-Constrained Modified Lie,0.0230516999067579,0.0164629650810332,0.0395146649877911,0.845089196767033,0.00897944543289511,0.030535219554896,0.0403932368399081,0.841666236736443
7,11,Linear Elfouhaily,0.0241544652936051,0.0169638505881244,0.0411183158817295,0.838037601776012,0.00895139851600284,0.0321669173657266,NaN,NaN
7,11,Elfouhaily-Constrained Modified Lie,0.023649105848129,0.0166974055952645,0.0403465114433935,0.840266667363403,0.00887231687112879,0.0314741945722647,0.0412445084300605,0.836863240567243
7,12,Linear Elfouhaily,0.0240015116592807,0.0167036529990203,0.040705164658301,0.834231207267102,0.0088199500201161,0.0318852146381849,NaN,NaN
7,12,Elfouhaily-Constrained Modified Lie,0.0234765972259395,0.01643353880979,0.0399101360357296,0.836658009205297,0.00871232421851801,0.0311978118172116,0.040799111070613,0.833269198964036
7,13,Linear Elfouhaily,0.0238289353280136,0.0170739339063183,0.0409028692343319,0.84647566773817,0.0087726930376144,0.0321301761967175,NaN,NaN
7,13,Elfouhaily-Constrained Modified Lie,0.0233154230268281,0.0167987425426536,0.0401141655694816,0.848822215189644,0.00867443556227359,0.0314397300072081,0.0410053535731663,0.845384134893757
7,14,Linear Elfouhaily,0.0245588238054124,0.016999939238822,0.0415587630442343,0.831993441665917,0.00869868589220642,0.0328600771520279,NaN,NaN
7,14,Elfouhaily-Constrained Modified Lie,0.0240115848147035,0.0167297951556687,0.0407413799703722,0.834708621053309,0.0085903056592386,0.0321510743111336,0.0416492520787906,0.831327706638612
7,15,Linear Elfouhaily,0.0241959543286925,0.0162440563562897,0.0404400106849822,0.819362088972211,0.00875256983959787,0.0316874408453843,NaN,NaN
7,15,Elfouhaily-Constrained Modified Lie,0.0236590819246269,0.0159847179214086,0.0396437998460355,0.821965414585503,0.00864241373263383,0.0310013861134017,0.0405296546905072,0.818636115416354
7,16,Linear Elfouhaily,0.0246868623692793,0.0165581771115831,0.0412450394808624,0.81898003347602,0.00896222460486425,0.0322828148759982,NaN,NaN
7,16,Elfouhaily-Constrained Modified Lie,0.0241502667949763,0.0162995902673789,0.0404498570623552,0.821537471969915,0.00886621162800621,0.031583645434349,0.041353807598047,0.818209906144979
7,17,Linear Elfouhaily,0.0249477030320968,0.0169889139610854,0.0419366169931823,0.82521578286415,0.00878090630516108,0.0331557106880212,NaN,NaN
7,17,Elfouhaily-Constrained Modified Lie,0.0243954451469813,0.0167182549031839,0.0411137000501652,0.827829879630915,0.00867484646079442,0.0324388535893708,0.0420312323080946,0.82447682695796
7,18,Linear Elfouhaily,0.0237053761029963,0.01656497676157,0.0402703528645663,0.835934001440577,0.00887394424809231,0.031396408616474,NaN,NaN
7,18,Elfouhaily-Constrained Modified Lie,0.0231959604545128,0.0163033388293724,0.0394992992838852,0.838362989084382,0.00877923272448472,0.0307200665594005,0.0403788000461105,0.834967272970935
7,19,Linear Elfouhaily,0.0238644376046772,0.0169792149139467,0.0408436525186239,0.8434963364319,0.00898025526271444,0.0318633972559095,NaN,NaN
7,19,Elfouhaily-Constrained Modified Lie,0.0233344977126802,0.0166995051807704,0.0400340028934506,0.845965345898995,0.00885563236876223,0.0311783705246884,0.0409239545000622,0.842538837102817
7,20,Linear Elfouhaily,0.0245808312506232,0.0171215796071909,0.0417024108578141,0.834590875011528,0.00911320209414471,0.0325892087636694,NaN,NaN
7,20,Elfouhaily-Constrained Modified Lie,0.0240455339801494,0.0168494069128459,0.0408949408929953,0.837095671678349,0.0090079722560239,0.0318869686369714,0.0418057659649734,0.833705088723441
8,1,Linear Elfouhaily,0.0285908414116246,0.0202728622056,0.0488637036172246,0.842061993615347,0.0089996318341335,0.0398640717830911,NaN,NaN
8,1,Elfouhaily-Constrained Modified Lie,0.0279180922800142,0.0198983033394505,0.0478163956194648,0.844238501699134,0.00889143704325064,0.0389249585762141,0.0489782532125207,0.84131915825129
8,2,Linear Elfouhaily,0.0295725566126916,0.0198872851707546,0.0494598417834462,0.820055630286394,0.0090366271385596,0.0404232146448866,NaN,NaN
8,2,Elfouhaily-Constrained Modified Lie,0.0288691351116601,0.0195114147241083,0.0483805498357684,0.822105386099028,0.00891385245604556,0.0394666973797229,0.049560524262772,0.81926257809215
8,3,Linear Elfouhaily,0.0276079535246559,0.0195400099332571,0.0471479634579131,0.841289139487502,0.00909706134610129,0.0380509021118118,NaN,NaN
8,3,Elfouhaily-Constrained Modified Lie,0.0269634963401564,0.0191743764723709,0.0461378728125273,0.843281401200988,0.00898298159036499,0.0371548912221623,0.0472591254676486,0.840365367368925
8,4,Linear Elfouhaily,0.0287566663561454,0.0198458447400787,0.0486025110962241,0.830740771290716,0.00915734648272878,0.0394451646134953,NaN,NaN
8,4,Elfouhaily-Constrained Modified Lie,0.0280890262867139,0.0194740977148821,0.0475631240015961,0.832645865964859,0.00904865265491277,0.0385144713466833,0.0487210885474753,0.829766609394249
8,5,Linear Elfouhaily,0.0283215075913297,0.0206169472254205,0.0489384548167501,0.853206186417323,0.00897069159250261,0.0399677632242475,NaN,NaN
8,5,Elfouhaily-Constrained Modified Lie,0.0276494277009679,0.0202294491921409,0.0478788768931088,0.855360036701193,0.00885076441753203,0.0390281124755768,0.0490400885591258,0.85240223542387
8,6,Linear Elfouhaily,0.0282756604926009,0.0197960719268184,0.0480717324194194,0.836725745872485,0.00885998050844204,0.0392117519109773,NaN,NaN
8,6,Elfouhaily-Constrained Modified Lie,0.0276180880279732,0.0194256605980011,0.0470437486259743,0.838669971672203,0.00875664033699917,0.0382871082889751,0.0481879039149444,0.835769883981606
8,7,Linear Elfouhaily,0.0282498759788176,0.0197124241507659,0.0479623001295835,0.835337051178179,0.0091392229557811,0.0388230771738024,NaN,NaN
8,7,Elfouhaily-Constrained Modified Lie,0.0275912139953183,0.0193472839902402,0.0469384979855585,0.837383884231088,0.00903057532067447,0.037907922664884,0.0480803410896767,0.834488243780148
8,8,Linear Elfouhaily,0.0292751632241103,0.0196014660392269,0.0488766292633372,0.818266204597877,0.00919240782534841,0.0396842214379888,NaN,NaN
8,8,Elfouhaily-Constrained Modified Lie,0.0285861395792983,0.019234267413639,0.0478204069929373,0.820276122667025,0.00907510607898002,0.0387453009139573,0.0489870832995516,0.81743964018096
8,9,Linear Elfouhaily,0.0296743975100296,0.0201039245294717,0.0497783220395013,0.823094060076544,0.0091909410563453,0.040587380983156,NaN,NaN
8,9,Elfouhaily-Constrained Modified Lie,0.0289482899742713,0.0197256904787901,0.0486739804530614,0.825476378076339,0.00904623450925016,0.0396277459438112,0.0498604310867613,0.822621913312131
8,10,Linear Elfouhaily,0.0276140887495218,0.0200148841618597,0.0476289729113815,0.851355963162122,0.00919087669549065,0.0384380962158908,NaN,NaN
8,10,Elfouhaily-Constrained Modified Lie,0.0269715097405253,0.0196361195037754,0.0466076292443007,0.853247854259003,0.00907292694113322,0.0375347023031674,0.0477384078549755,0.850297356825275
8,11,Linear Elfouhaily,0.0285860131545097,0.0202003276820032,0.0487863408365129,0.840625214729626,0.0090605269844434,0.0397258138520695,NaN,NaN
8,11,Elfouhaily-Constrained Modified Lie,0.0279287831493163,0.019825173600893,0.0477539567502093,0.842524410326847,0.00896410417574465,0.0387898525744646,0.0489146315512793,0.839610994139375
8,12,Linear Elfouhaily,0.0282618494575586,0.0200955541463513,0.04835740360391,0.843237096037362,0.00892739696907024,0.0394300066348397,NaN,NaN
8,12,Elfouhaily-Constrained Modified Lie,0.0275897034305467,0.019714133469077,0.0473038368996237,0.845308683209975,0.00880236986908798,0.0385014670305357,0.0484530336164389,0.842385639116668
8,13,Linear Elfouhaily,0.0280350770995713,0.0203697050348195,0.0484047821343908,0.852396175966055,0.0088798324709608,0.03952494966343,NaN,NaN
8,13,Elfouhaily-Constrained Modified Lie,0.027376374059748,0.0199842915026443,0.0473606655623922,0.854390508006436,0.00876478847338691,0.0385958770890053,0.0485094948520596,0.851436059321107
8,14,Linear Elfouhaily,0.0290685534300994,0.0203689056621117,0.0494374590922111,0.837089970213806,0.00880512237333816,0.040632336718873,NaN,NaN
8,14,Elfouhaily-Constrained Modified Lie,0.0283666083551973,0.0199873381018735,0.0483539464570707,0.839409293488741,0.00867979497340768,0.0396741514836631,0.0495298206590065,0.836506649252457
8,15,Linear Elfouhaily,0.0286217064314723,0.0191678214070153,0.0477895278384876,0.818349112340889,0.00885901735440013,0.0389305104840875,NaN,NaN
8,15,Elfouhaily-Constrained Modified Lie,0.0279331478680118,0.0188078637855112,0.046741011653523,0.820558965922705,0.00873202745873887,0.0380089841947842,0.0478812989504912,0.817721505375816
8,16,Linear Elfouhaily,0.0295685683340329,0.019793057717216,0.0493616260512489,0.818165753450854,0.00907142864103191,0.0402901974102169,NaN,NaN
8,16,Elfouhaily-Constrained Modified Lie,0.0288675046905132,0.0194269495294489,0.0482944542199621,0.820347168488354,0.00895822359489482,0.0393362306250673,0.0494726816099338,0.81751044032864
8,17,Linear Elfouhaily,0.0296831860577663,0.0202420236275634,0.0499252096853297,0.825793968619558,0.00888797559565752,0.0410372340896721,NaN,NaN
8,17,Elfouhaily-Constrained Modified Lie,0.0289702115281316,0.0198623077910662,0.0488325193191977,0.828016556295598,0.00876538139811281,0.0400671379210849,0.0500223211726777,0.825153307695276
8,18,Linear Elfouhaily,0.027949937442767,0.0198860629703878,0.0478360004131548,0.843497859916258,0.00898212841733128,0.0388538719958235,NaN,NaN
8,18,Elfouhaily-Constrained Modified Lie,0.0272947088838979,0.0195151743534575,0.0468098832373554,0.84556497349809,0.00887075287073743,0.037939130366618,0.0479470309452481,0.842641043163072
8,19,Linear Elfouhaily,0.0281831684834694,0.0202505527468531,0.0484337212303226,0.847663596556906,0.00908966968437386,0.0393440515459487,NaN,NaN
8,19,Elfouhaily-Constrained Modified Lie,0.0275045380786451,0.0198612752593139,0.047365813337959,0.849769985386509,0.00894728132540968,0.0384185320125493,0.0485156553452714,0.846831514286198
8,20,Linear Elfouhaily,0.0289845353735821,0.0203482459508858,0.0493327813244679,0.837877093831618,0.00922377019344577,0.0401090111310221,NaN,NaN
8,20,Elfouhaily-Constrained Modified Lie,0.0282978037674383,0.0199671894946593,0.0482649932620976,0.84000545127939,0.00910127570216229,0.0391637175599353,0.0494385864197955,0.837100745552975
9,1,Linear Elfouhaily,0.0325945334506514,0.0232734344243803,0.0558679678750317,0.845002227060876,0.00906854698913374,0.0467994208858979,NaN,NaN
9,1,Elfouhaily-Constrained Modified Lie,0.0317699079862556,0.022781753816672,0.0545516618029276,0.84680926056473,0.00894370179416485,0.0456079600087627,0.0559836819455212,0.844340152507141
9,2,Linear Elfouhaily,0.0336565954269729,0.022670225880473,0.0563268213074459,0.82071587221482,0.00910513706961372,0.0472216842378321,NaN,NaN
9,2,Elfouhaily-Constrained Modified Lie,0.0327980787548663,0.0221829483783333,0.0549810271331996,0.822404413057025,0.00896600814641093,0.0460150189867887,0.0564289797133201,0.820006464123966
9,3,Linear Elfouhaily,0.031448345111737,0.0223413196734443,0.0537896647851812,0.842860134289919,0.00916583259058338,0.0446238321945979,NaN,NaN
9,3,Elfouhaily-Constrained Modified Lie,0.0306585303969118,0.0218648162379524,0.0525233466348643,0.844495323961716,0.00903550720275379,0.0434878394321105,0.0539025406487622,0.842032962830238
9,4,Linear Elfouhaily,0.0327685847964083,0.022739468112303,0.0555080529087113,0.833031278025921,0.00922696737942729,0.046281085529284,NaN,NaN
9,4,Elfouhaily-Constrained Modified Lie,0.0319492888288058,0.022254046801755,0.0542033356305608,0.834591391461607,0.00910209746367879,0.045101238166882,0.0556285017622712,0.832157908001498
9,5,Linear Elfouhaily,0.0320320984508849,0.0235933634829728,0.0556254619338577,0.858227119694889,0.00903888081729479,0.0465865811165629,NaN,NaN
9,5,Elfouhaily-Constrained Modified Lie,0.0312168660026277,0.0230883803600522,0.0543052463626799,0.860007193914004,0.00890245408284385,0.045402792279836,0.0557283446173515,0.857499603608885
9,6,Linear Elfouhaily,0.0321537045284478,0.0224969919677363,0.0546506964961841,0.836462967553093,0.00892741344526551,0.0457232830509186,NaN,NaN
9,6,Elfouhaily-Constrained Modified Lie,0.0313482400279202,0.0220173025752648,0.053365542603185,0.838060696818316,0.00880773179924356,0.0445578108039414,0.0547680383463347,0.835617097632966
9,7,Linear Elfouhaily,0.0322713899898445,0.0224693796449665,0.0547407696348109,0.834423843060935,0.00920895400774803,0.0455318156270629,NaN,NaN
9,7,Elfouhaily-Constrained Modified Lie,0.0314615340273012,0.0219938637675354,0.0534553977948367,0.83610499521412,0.0090840771091269,0.0443713206857098,0.0548606175044771,0.83366709842105
9,8,Linear Elfouhaily,0.0332409015232544,0.0223324895997066,0.055573391122961,0.819657039943943,0.00926208585354566,0.0463113052694153,NaN,NaN
9,8,Elfouhaily-Constrained Modified Lie,0.0324006958694044,0.021855809467981,0.0542565053373855,0.821308427483413,0.00912840491498764,0.0451281004223978,0.0556855858618727,0.818913674201295
9,9,Linear Elfouhaily,0.0339961642851133,0.0230998090187933,0.0570959733039066,0.824307469068254,0.00926045992048937,0.0478355133834172,NaN,NaN
9,9,Elfouhaily-Constrained Modified Lie,0.0331076257341056,0.0226048402268456,0.0557124659609512,0.826298001456221,0.00909852186035234,0.0466139441005988,0.0571789218625459,0.823888699682638
9,10,Linear Elfouhaily,0.0313195401672444,0.0229158165840954,0.0542353567513398,0.855381750151519,0.00926060008497443,0.0449747566663654,NaN,NaN
9,10,Elfouhaily-Constrained Modified Lie,0.030535342610278,0.022422651901322,0.0529579945116,0.856923570749057,0.00912604367430814,0.0438319508372918,0.0543463440115854,0.854424971605416
9,11,Linear Elfouhaily,0.0326011503952661,0.0230609253636785,0.0556620757589445,0.841050169091605,0.00912958676177931,0.0465324889971652,NaN,NaN
9,11,Elfouhaily-Constrained Modified Lie,0.0317927105089632,0.0225720190697478,0.0543647295787111,0.842599945058538,0.00901747376578531,0.0453472558129258,0.0557926313744288,0.840143110431717
9,12,Linear Elfouhaily,0.0319974292064729,0.0230688109410938,0.0550662401475666,0.849092610819161,0.00899534125897002,0.0460708988885966,NaN,NaN
9,12,Elfouhaily-Constrained Modified Lie,0.0311819108741785,0.0225714211315288,0.0537533320057073,0.850801190552266,0.00885447818715616,0.0448988538185512,0.055163658206358,0.848320442911884
9,13,Linear Elfouhaily,0.0318037098004471,0.0232415949680389,0.055045304768486,0.85485818292658,0.00894764842811639,0.0460976563403696,NaN,NaN
9,13,Elfouhaily-Constrained Modified Lie,0.0310008181959659,0.0227416336593734,0.0537424518553393,0.856493855235968,0.00881649566092062,0.0449259561944187,0.055151445569964,0.853996509047491
9,14,Linear Elfouhaily,0.0331244715729647,0.023318105902851,0.0564425774758157,0.839019695564849,0.00887220998434122,0.0475703674914744,NaN,NaN
9,14,Elfouhaily-Constrained Modified Lie,0.0322688423789078,0.0228203092170323,0.0550891515959401,0.840947859694275,0.00873098113977896,0.0463581704561611,0.0565363949205003,0.838495842182093
9,15,Linear Elfouhaily,0.0326039884855153,0.0217547915891177,0.054358780074633,0.816849594911242,0.00892671935621981,0.0454320607184132,NaN,NaN
9,15,Elfouhaily-Constrained Modified Lie,0.0317642284831889,0.0212896247148584,0.0530538531980473,0.818681256281438,0.00878342949775147,0.0442704237002958,0.0544517462487933,0.816294163248076
9,16,Linear Elfouhaily,0.0340624276503027,0.0226259312863389,0.0566883589366415,0.815014683846752,0.00914013313517732,0.0475482258014642,NaN,NaN
9,16,Elfouhaily-Constrained Modified Lie,0.033194799826256,0.0221476516447048,0.0553424514709608,0.816824611642649,0.00901055776883105,0.0463318937021297,0.0568010073300498,0.814442932173415
9,17,Linear Elfouhaily,0.0340010772538627,0.0230980143623994,0.0570990916162621,0.824215893860751,0.00895586012731374,0.0481432314889483,NaN,NaN
9,17,Elfouhaily-Constrained Modified Lie,0.0331257845913177,0.0226044021727612,0.0557301867640788,0.826063486666948,0.00881668065309305,0.0469135061109858,0.0571971548063014,0.823654868686496
9,18,Linear Elfouhaily,0.0318506312173975,0.0228257153345897,0.0546763465519872,0.84655109649521,0.00905033013067385,0.0456260164213134,NaN,NaN
9,18,Elfouhaily-Constrained Modified Lie,0.0310474738501119,0.0223399797235934,0.0533874535737053,0.848258562729521,0.00892248987110725,0.044464963702598,0.0547886463192823,0.845785228828146
9,19,Linear Elfouhaily,0.0321355985428838,0.0231238561016851,0.0552594546445689,0.848275516761932,0.00915888892523925,0.0461005657193297,NaN,NaN
9,19,Elfouhaily-Constrained Modified Lie,0.031307506194567,0.0226202434559581,0.0539277496505251,0.850010713964928,0.00900000747168147,0.0449277421788436,0.0553427983162108,0.84753227117902
9,20,Linear Elfouhaily,0.0329865843002309,0.023182326780103,0.056168911080334,0.838320020468678,0.00929347804786364,0.0468754330324703,NaN,NaN
9,20,Elfouhaily-Constrained Modified Lie,0.0321476688859477,0.0226876195050677,0.0548352883910154,0.840078213152449,0.00915412342302933,0.0456811649679861,0.0562760274022613,0.837628731336774
10,1,Linear Elfouhaily,0.036252372277669,0.0259411710153077,0.0621935432929767,0.845914701505446,0.00911139349741334,0.0530821497955634,NaN,NaN
10,1,Elfouhaily-Constrained Modified Lie,0.0352766961148867,0.025329281666159,0.0606059777810457,0.847359074517242,0.00897097853085254,0.0516349992501931,0.0623102270790068,0.845312545623675
10,2,Linear Elfouhaily,0.0373581019173061,0.0251502330512586,0.0625083349685647,0.820500038153132,0.0091480929347801,0.0533602420337846,NaN,NaN
10,2,Elfouhaily-Constrained Modified Lie,0.036345776698444,0.0245487444208847,0.0608945211193287,0.821840738202116,0.00899327693579324,0.0519012441835355,0.0626113631149745,0.819855840810654
10,3,Linear Elfouhaily,0.0349836911991355,0.0248431293592068,0.0598268205583423,0.842694840596749,0.0092089930969232,0.0506178274614191,NaN,NaN
10,3,Elfouhaily-Constrained Modified Lie,0.034047997338141,0.0242526689908074,0.0583006663289484,0.843983553147675,0.00906294678333777,0.0492377195456106,0.0599406522763795,0.841945176762556
10,4,Linear Elfouhaily,0.036431948991524,0.0252961274932759,0.0617280764847999,0.833270137762822,0.00927056251572732,0.0524575139690726,NaN,NaN
10,4,Elfouhaily-Constrained Modified Lie,0.035461268986599,0.0246944603983343,0.0601557293849333,0.834492876921993,0.00912995361797818,0.0510257757669551,0.0618495375671821,0.832477422275367
10,5,Linear Elfouhaily,0.0353622610749904,0.0261875219740583,0.0615497830490487,0.860552140692042,0.00908158377491163,0.052468199274137,NaN,NaN
10,5,Elfouhaily-Constrained Modified Lie,0.0344063161416394,0.0255633610649109,0.0599696772065503,0.861965511324149,0.00892955454980765,0.0510401226567426,0.0616535484691611,0.859883705184068
10,6,Linear Elfouhaily,0.0357060908825546,0.0248878343467342,0.0605939252292888,0.834876815148379,0.00896959866887294,0.0516243265604158,NaN,NaN
10,6,Elfouhaily-Constrained Modified Lie,0.0347532894502481,0.0242965470728342,0.0590498365230823,0.836130989853459,0.00883460933253716,0.0502152271905451,0.0607122273610026,0.834111578861115
10,7,Linear Elfouhaily,0.035963428742108,0.0249147158806644,0.0608781446227724,0.832333595113186,0.00925234519483212,0.0516257994279403,NaN,NaN
10,7,Elfouhaily-Constrained Modified Lie,0.03500199569106,0.0243263477877826,0.0593283434788426,0.833665928033388,0.00911173999166797,0.0502166034871746,0.0609989963799087,0.831652470621281
10,8,Linear Elfouhaily,0.0367846291967464,0.0247721234129833,0.0615567526097297,0.82063195885527,0.00930566761778515,0.0522510849919446,NaN,NaN
10,8,Elfouhaily-Constrained Modified Lie,0.0357958484955707,0.0241830327548349,0.0599788812504056,0.821937985072378,0.00915611178416796,0.0508227694662377,0.0616698909934882,0.819952852811736
10,9,Linear Elfouhaily,0.0378840444456302,0.0257319858773143,0.0636160303229445,0.82415421378848,0.00930409632414268,0.0543119339988018,NaN,NaN
10,9,Elfouhaily-Constrained Modified Lie,0.0368356732919986,0.0251180619188346,0.0619537352108332,0.82576934613378,0.0091261186001229,0.0528276166107103,0.0636997330570732,0.823774960427522
10,10,Linear Elfouhaily,0.0347654067356055,0.0254825595496716,0.0602479662852771,0.85614606813283,0.0093043244862942,0.0509436417989829,NaN,NaN
10,10,Elfouhaily-Constrained Modified Lie,0.0338381434555997,0.0248724721256375,0.0587106155812371,0.857346171381565,0.00915385226097271,0.0495567633202644,0.0603599003594632,0.855275521801844
10,11,Linear Elfouhaily,0.0362853944976373,0.0256496497710645,0.0619350442687018,0.840765330892504,0.00917273067783397,0.0527623135908679,NaN,NaN
10,11,Elfouhaily-Constrained Modified Lie,0.0353252054628353,0.0250429703356348,0.0603681757984701,0.84197766514848,0.0090450285181463,0.0513231472803238,0.0620666671322022,0.839944133353891
10,12,Linear Elfouhaily,0.0353507368311235,0.0256736098459728,0.0610243466770963,0.852205304923646,0.00903780816562406,0.0519865385114723,NaN,NaN
10,12,Elfouhaily-Constrained Modified Lie,0.034393871944694,0.0250579963288931,0.0594518682735871,0.853557210932673,0.00888144249592664,0.0505704257776605,0.0611226148414045,0.851495712393247
10,13,Linear Elfouhaily,0.0352403862080859,0.0257685943145535,0.0610089805226394,0.855116003809317,0.00899000938429328,0.0520189711383461,NaN,NaN
10,13,Elfouhaily-Constrained Modified Lie,0.0342939955877475,0.0251519207060685,0.059445916293816,0.856399753822924,0.0088434710837124,0.0506024452101036,0.0611160163021567,0.854331390016658
10,14,Linear Elfouhaily,0.0368752454542355,0.0259286260392406,0.0628038714934761,0.838537119228438,0.00891422432173958,0.0538896471717365,NaN,NaN
10,14,Elfouhaily-Constrained Modified Lie,0.0358650288378053,0.0253118982656904,0.0611769271034957,0.840091839284613,0.00875769702947201,0.0524192300740237,0.06289850397254,0.83806286210829
10,15,Linear Elfouhaily,0.0362091329675968,0.0240855594876474,0.0602946924552442,0.815585144452474,0.00896888542453223,0.051325807030712,NaN,NaN
10,15,Elfouhaily-Constrained Modified Lie,0.0352197736435869,0.0235120126915729,0.0587317863351598,0.817055623675353,0.00881016882386591,0.0499216175112939,0.0603884722043199,0.815082283220534
10,16,Linear Elfouhaily,0.0381659227020902,0.0251503528184729,0.0633162755205632,0.811772168951149,0.00918320970933293,0.0541330658112302,NaN,NaN
10,16,Elfouhaily-Constrained Modified Lie,0.0371321689077867,0.0245569098035766,0.0616890787113633,0.813226830803277,0.00903790251405476,0.0526511761973086,0.0634298736779991,0.811262737591422
10,17,Linear Elfouhaily,0.037921707330894,0.0256601612449823,0.0635818685758763,0.822594401617925,0.00899822079719322,0.0545836477786831,NaN,NaN
10,17,Elfouhaily-Constrained Modified Lie,0.0368856780563024,0.0250493240689155,0.0619350021252179,0.824079517729481,0.00884359694820254,0.0530914051770154,0.063680775924009,0.822089213271372
10,18,Linear Elfouhaily,0.0355491146605303,0.0254312378633021,0.0609803525238325,0.845803261218394,0.00909303777724275,0.0518873147465897,NaN,NaN
10,18,Elfouhaily-Constrained Modified Lie,0.0345947301576806,0.0248278588336281,0.0594225889913087,0.84715847520042,0.00894966673022082,0.0504729222610879,0.0610935952367836,0.845112430791306
10,19,Linear Elfouhaily,0.0358359901445277,0.0256757824360041,0.0615117725805318,0.846451617590348,0.00920214075044387,0.0523096318300879,NaN,NaN
10,19,Elfouhaily-Constrained Modified Lie,0.0348561334957885,0.0250550957648244,0.0599112292606129,0.84782931403329,0.00902738862106006,0.0508838406395528,0.0615958617415746,0.845781649424315
10,20,Linear Elfouhaily,0.0366676635959299,0.0257153578976634,0.0623830214935932,0.837441863528831,0.00933712804569185,0.0530458934479014,NaN,NaN
10,20,Elfouhaily-Constrained Modified Lie,0.03567647236444,0.0251039494480338,0.0607804218124739,0.838841818611748,0.00918181491895935,0.0515986068935145,0.0624910588143948,0.836815860466555
