U10,Series,Kmax,MssTotal
5,sweep,100,0.024737407501373
5,sweep,200,0.0266403913984329
5,sweep,370,0.0286563311088112
5,sweep,1000,0.031357691455215
5,sweep,2000,0.0316703124510602
5,sweep,3141.59265358979,0.0316714321893845
5,cumulative,1,0.00494291720902354
5,cumulative,1.0374536927703,0.00511623609509909
5,cumulative,1.07631016464272,0.00528976406371989
5,cumulative,1.1166219548748,0.00546347540178517
5,cumulative,1.15844357051324,0.00563736088867546
5,cumulative,1.20183156009497,0.00581142606168288
5,cumulative,1.24684459010841,0.00598568977906611
5,cumulative,1.29354352431864,0.00616018254504145
5,cumulative,1.34199150606347,0.00633494466677698
5,cumulative,1.39225404363192,0.00651002459452937
5,cumulative,1.44439909884031,0.00668547713008779
5,cumulative,1.49849717892596,0.00686136137796837
5,cumulative,1.55462143188261,0.00703773904929762
5,cumulative,1.61284774536646,0.00721467272889504
5,cumulative,1.67325484930668,0.00739222413157955
5,cumulative,1.73592442235902,0.00757045281574095
5,cumulative,1.8009412023465,0.00774941471374334
5,cumulative,1.86839310083656,0.00792916079855676
5,cumulative,1.93837132200943,0.00810973612404998
5,cumulative,2.01097048597872,0.00829117898567237
5,cumulative,2.0862887567307,0.00847352015981651
5,cumulative,2.16442797485541,0.00865678279049894
5,cumulative,2.24549379524908,0.00884098193962447
5,cumulative,2.32959582997394,0.0090261245147053
5,cumulative,2.41684779646874,0.00921220944985305
5,cumulative,2.50736767131025,0.00939922798760901
5,cumulative,2.60127784973367,0.00958716393542397
5,cumulative,2.69870531112777,0.00977599459344291
5,cumulative,2.79978179072831,0.00996569097129572
5,cumulative,2.90464395774212,0.0101562184627179
5,cumulative,3.01343360014249,0.0103475375043126
5,cumulative,3.12629781638591,0.0105396041942
5,cumulative,3.24338921430927,0.0107323706940748
5,cumulative,3.3648661174765,0.0109257863212058
5,cumulative,3.49089277925364,0.0111197975093826
5,cumulative,3.62163960490185,0.0113143483975329
5,cumulative,3.75728338198857,0.011509381205055
5,cumulative,3.89800751942851,0.0117048365226806
5,cumulative,4.04400229547748,0.0119006534303593
5,cumulative,4.19546511501467,0.0120967702174499
5,cumulative,4.35260077646091,0.0122931240054582
5,cumulative,4.51562174869423,0.0124896510687541
5,cumulative,4.68474845833669,0.0126862869445362
5,cumulative,4.86020958780134,0.0128829664780106
5,cumulative,5.0422423845021,0.0130796238670663
5,cumulative,5.2310929816446,0.0132761931132129
5,cumulative,5.42701673103196,0.0134726076201737
5,cumulative,5.63027854833528,0.0136688004302344
5,cumulative,5.84115327129582,0.0138647042908267
5,cumulative,6.05992603134314,0.0140602516453513
5,cumulative,6.28689263913177,0.0142553747845624
5,cumulative,6.52235998451765,0.0144500061457649
5,cumulative,6.76664645151504,0.0146440780150012
5,cumulative,7.02008234879529,0.014837522760126
5,cumulative,7.28301035630924,0.0150302729174857
5,cumulative,7.55578598863732,0.0152222611720556
5,cumulative,7.83877807569385,0.0154134206548455
5,cumulative,8.13236926143541,0.0156036850926818
5,cumulative,8.4369565212478,0.0157929886393135
5,cumulative,8.75295169871096,0.0159812661064583
5,cumulative,9.08078206246771,0.016168453071804
5,cumulative,9.42089088394938,0.0163544858466331
5,cumulative,9.77373803673929,0.0165393019196281
5,cumulative,10.1398006183847,0.0167228399410625
5,cumulative,10.5195735954977,0.0169050396871156
5,cumulative,10.913570473018,0.0170858422783793
5,cumulative,11.3223239885414,0.0172651903013083
5,cumulative,11.7463868326539,0.0174430277561613
5,cumulative,12.1863323962452,0.0176193006363265
5,cumulative,12.6427555458109,0.0177939567337627
5,cumulative,13.1162734277936,0.0179669457319424
5,cumulative,13.6075263030494,0.0181382193983117
5,cumulative,14.1171784125675,0.0183077317074502
5,cumulative,14.6459188756152,0.0184754387601467
5,cumulative,15.1944626215212,0.0186412994770724
5,cumulative,15.7635513563574,0.0188052752179072
5,cumulative,16.3539545658272,0.0189673299891568
5,cumulative,16.966470555715,0.0191274305949381
5,cumulative,17.601927531305,0.0192855467468444
5,cumulative,18.2611847172275,0.0194416509436778
5,cumulative,18.9451335192482,0.0195957192483884
5,cumulative,19.6546987295703,0.0197477307207601
5,cumulative,20.3908397772803,0.0198976677174928
5,cumulative,21.1545520256269,0.0200455159850678
5,cumulative,21.946868117888,0.0201912647178441
5,cumulative,22.7688593736455,0.0203349064963765
5,cumulative,23.6216372373561,0.0204764378922626
5,cumulative,24.5063547811754,0.0206158589401154
5,cumulative,25.4242082640694,0.0207531733921047
5,cumulative,26.3764387493199,0.0208883887601204
5,cumulative,27.3643337826114,0.0210215163026607
5,cumulative,28.3892291329691,0.0211525710300974
5,cumulative,29.4525105989009,0.0212815720621782
5,cumulative,30.5556158821859,0.0214085421920497
5,cumulative,31.7000365318445,0.0215335080459582
5,cumulative,32.8873199609153,0.0216565000683876
5,cumulative,34.1190715387698,0.0217775524303427
5,cumulative,35.3969567617906,0.0218967030735709
5,cumulative,36.7227035053502,0.0220139938296886
5,cumulative,38.0981043601342,0.0221294700578241
5,cumulative,39.5250190559693,0.022243180702628
5,cumulative,41.0053769764316,0.0223551782154859
5,cumulative,42.541179767637,0.022465518384388
5,cumulative,44.13450404474,0.022574260391865
5,cumulative,45.787504199801,0.0226814667205266
5,cumulative,47.502415314819,0.0227872028471682
5,cumulative,49.2815561838672,0.0228915372021655
5,cumulative,51.1273324484198,0.0229945410280834
5,cumulative,53.0422398501076,0.0230962881397299
5,cumulative,55.0288676053019,0.0231968549770269
5,cumulative,57.0899019060881,0.0232963203350234
5,cumulative,59.228129552365,0.0233947651006808
5,cumulative,61.4464417199785,0.023492272126096
5,cumulative,63.7478378699864,0.0235889260333385
5,cumulative,66.1354298043395,0.0236848129195681
5,cumulative,68.6124458734627,0.023780020393946
5,cumulative,71.1822353414258,0.0238746371765949
5,cumulative,73.8482729146064,0.0239687528673847
5,cumulative,76.614163439967,0.0240624577506617
5,cumulative,79.4836467793007,0.0241558425585548
5,cumulative,82.4606028660353,0.0242489981368014
5,cumulative,85.549056951433,0.0243420154610672
5,cumulative,88.7531850472805,0.0244349851450568
5,cumulative,92.0773195724265,0.024527997231071
5,cumulative,95.5259552108045,0.0246211409421452
5,cumulative,99.1037549888589,0.0247145044130632
5,cumulative,102.815556580594,0.0248081743260024
5,cumulative,106.666378848771,0.0249022359048214
5,cumulative,110.661428631092,0.0249967723569683
5,cumulative,114.806107780563,0.0250918646736761
5,cumulative,119.10602046953,0.025187591337592
5,cumulative,123.566980767288,0.0252840280144253
5,cumulative,128.195020501499,0.0253812472015387
5,cumulative,132.996397414044,0.0254793181135255
5,cumulative,137.977603622346,0.0255783061509974
5,cumulative,143.145374397599,0.0256782726560693
5,cumulative,148.506697271775,0.0257792745868481
5,cumulative,154.068821485723,0.0258813641686562
5,cumulative,159.839267791131,0.0259845885539174
5,cumulative,165.825838619609,0.026088989610807
5,cumulative,172.036628632644,0.026194603417628
5,cumulative,178.480035666689,0.0263014599804218
5,cumulative,185.16477208818,0.0264095828884663
5,cumulative,192.099876573853,0.026518988940387
5,cumulative,199.294726332262,0.0266296878363383
5,cumulative,206.75904978305,0.0267416819120899
5,cumulative,214.502939711102,0.0268549656770078
5,cumulative,222.536866913367,0.0269695255418863
5,cumulative,230.871694356805,0.0270853395046845
5,cumulative,239.518691866602,0.027202376803187
5,cumulative,248.489551364516,0.0273205977139962
5,cumulative,257.796402677952,0.0274399532992809
5,cumulative,267.451829941139,0.0275603850587532
5,cumulative,277.468888610607,0.02768182475361
5,cumulative,287.861123117945,0.0278041942092733
5,cumulative,298.642585183716,0.0279274050769662
5,cumulative,309.827852817314,0.028051358855865
5,cumulative,321.432050028413,0.0281759467246648
5,cumulative,333.470867276704,0.0283010494092308
5,cumulative,345.960582687529,0.0284265371993034
5,cumulative,358.91808406214,0.028552269965021
5,cumulative,372.360891712307,0.0286780971155435
5,cumulative,386.307182150172,0.0288038579796244
5,cumulative,400.775812665383,0.0289293817886809
5,cumulative,415.786346822718,0.0290544878946267
5,cumulative,431.3590809147,0.0291789861049328
5,cumulative,447.515071404955,0.0293026770593306
5,cumulative,464.276163399434,0.0294253525453878
5,cumulative,481.665020183967,0.029546796476306
5,cumulative,499.705153868136,0.0296667852117265
5,cumulative,518.420957176845,0.0297850884356212
5,cumulative,537.83773643263,0.0299014701337041
5,cumulative,557.981745773248,0.0300156897138214
5,cumulative,578.880222650872,0.0301275031113094
5,cumulative,600.561424660838,0.0302366648901906
5,cumulative,623.054667749776,0.0303429294009898
5,cumulative,646.390365854774,0.0304460529413357
5,cumulative,670.600072027177,0.0305457959873649
5,cumulative,695.716521096622,0.0306419256592113
5,cumulative,721.773673932993,0.0307342183539845
5,cumulative,748.806763366166,0.0308224632609264
5,cumulative,776.852341825602,0.0309064650380912
5,cumulative,805.948330764222,0.0309860474293771
5,cumulative,836.134071933397,0.031061056824993
5,cumulative,867.450380578367,0.0311313658284517
5,cumulative,899.939600626025,0.0311968768373042
5,cumulative,933.645661939693,0.0312575258057786
5,cumulative,968.614139718302,0.0313132849252988
5,cumulative,1004.89231612027,0.0313641654660341
5,cumulative,1042.52924419547,0.0314102198220415
5,cumulative,1081.57581421162,0.0314515426834668
5,cumulative,1122.08482246488,0.0314882713975543
5,cumulative,1164.11104266769,0.0315205852189036
5,cumulative,1207.71130001028,0.0315487029032279
5,cumulative,1252.94454799608,0.0315728793738774
5,cumulative,1299.87194815494,0.0315934009381681
5,cumulative,1348.55695274186,0.0316105791982442
5,cumulative,1399.0653905331,0.0316247440588819
5,cumulative,1451.46555583568,0.0316362357596674
5,cumulative,1505.82830083061,0.0316453963673335
5,cumulative,1562.22713137474,0.0316525613893843
5,cumulative,1620.73830639066,0.0316580517460515
5,cumulative,1681.44094097927,0.0316621666047654
5,cumulative,1744.4171133941,0.0316651776135855
5,cumulative,1809.75197602241,0.0316673246499672
5,cumulative,1877.53387052279,0.0316688134508989
5,cumulative,1947.85444727517,0.0316698151443538
5,cumulative,2020.80878930467,0.0316704675076355
5,cumulative,2096.4955408468,0.0316708776840692
5,cumulative,2175.01704072797,0.0316711259825512
5,cumulative,2256.47946074155,0.0316712702573809
5,cumulative,2340.99294920664,0.0316713504639474
5,cumulative,2428.67177990366,0.0316713929763115
5,cumulative,2519.63450658805,0.0316714143792248
5,cumulative,2614.00412329124,0.0316714245725824
5,cumulative,2711.90823062527,0.0316714291452883
5,cumulative,2813.47920831634,0.0316714310683533
5,cumulative,2918.85439420024,0.0316714318227215
5,cumulative,3028.17626992184,0.0316714320972454
5,cumulative,3141.59265358979,0.0316714321893845
10,sweep,100,0.0355922240659726
10,sweep,200,0.0420567791635496
10,sweep,370,0.0494001082138
10,sweep,1000,0.0593171711909409
10,sweep,2000,0.0604652848831354
10,sweep,3141.59265358979,0.06046939717919
10,cumulative,1,0.0123373865595707
10,cumulative,1.0374536927703,0.0125454613736063
10,cumulative,1.07631016464272,0.0127540193028503
10,cumulative,1.1166219548748,0.0129630007185848
10,cumulative,1.15844357051324,0.0131723455215387
10,cumulative,1.20183156009497,0.0133819928748154
10,cumulative,1.24684459010841,0.0135918814343846
10,cumulative,1.29354352431864,0.0138019494248137
10,cumulative,1.34199150606347,0.0140121346039898
10,cumulative,1.39225404363192,0.0142223745183122
10,cumulative,1.44439909884031,0.0144326066363458
10,cumulative,1.49849717892596,0.0146427681449178
10,cumulative,1.55462143188261,0.0148527961455993
10,cumulative,1.61284774536646,0.0150626277297174
10,cumulative,1.67325484930668,0.0152721999164035
10,cumulative,1.73592442235902,0.015481450053821
10,cumulative,1.8009412023465,0.0156903157911723
10,cumulative,1.86839310083656,0.0158987350055012
10,cumulative,1.93837132200943,0.0161066459964564
10,cumulative,2.01097048597872,0.0163139875844
10,cumulative,2.0862887567307,0.0165206990354432
10,cumulative,2.16442797485541,0.0167267206219849
10,cumulative,2.24549379524908,0.0169319934227224
10,cumulative,2.32959582997394,0.0171364593908719
10,cumulative,2.41684779646874,0.017340061540614
10,cumulative,2.50736767131025,0.0175427440635609
10,cumulative,2.60127784973367,0.0177444522356052
10,cumulative,2.69870531112777,0.0179451331302761
10,cumulative,2.79978179072831,0.0181447352332459
10,cumulative,2.90464395774212,0.018343208650734
10,cumulative,3.01343360014249,0.0185405052759409
10,cumulative,3.12629781638591,0.0187365789141379
10,cumulative,3.24338921430927,0.0189313851634404
10,cumulative,3.3648661174765,0.0191248822641148
10,cumulative,3.49089277925364,0.019317030518893
10,cumulative,3.62163960490185,0.0195077926312793
10,cumulative,3.75728338198857,0.0196971338377973
10,cumulative,3.89800751942851,0.0198850220064835
10,cumulative,4.04400229547748,0.0200714275915066
10,cumulative,4.19546511501467,0.0202563243723391
10,cumulative,4.35260077646091,0.0204396888967419
10,cumulative,4.51562174869423,0.0206215008200481
10,cumulative,4.68474845833669,0.0208017430095452
10,cumulative,4.86020958780134,0.0209804015920305
10,cumulative,5.0422423845021,0.0211574660142786
10,cumulative,5.2310929816446,0.0213329295518213
10,cumulative,5.42701673103196,0.0215067888651777
10,cumulative,5.63027854833528,0.0216790442706971
10,cumulative,5.84115327129582,0.021849699810605
10,cumulative,6.05992603134314,0.0220187632363954
10,cumulative,6.28689263913177,0.0221862461506309
10,cumulative,6.52235998451765,0.0223521642755527
10,cumulative,6.76664645151504,0.0225165371074041
10,cumulative,7.02008234879529,0.0226793881027102
10,cumulative,7.28301035630924,0.0228407446996432
10,cumulative,7.55578598863732,0.0230006382281032
10,cumulative,7.83877807569385,0.0231591041057535
10,cumulative,8.13236926143541,0.0233161818702889
10,cumulative,8.4369565212478,0.0234719149144926
10,cumulative,8.75295169871096,0.0236263505788688
10,cumulative,9.08078206246771,0.0237795401158795
10,cumulative,9.42089088394938,0.0239315385249843
10,cumulative,9.77373803673929,0.0240824047784564
10,cumulative,10.1398006183847,0.0242322016370355
10,cumulative,10.5195735954977,0.0243809954504952
10,cumulative,10.913570473018,0.0245288561582064
10,cumulative,11.3223239885414,0.0246758571972486
10,cumulative,11.7463868326539,0.0248220752708238
10,cumulative,12.1863323962452,0.0249675905875887
10,cumulative,12.6427555458109,0.0251124864963566
10,cumulative,13.1162734277936,0.0252568493433587
10,cumulative,13.6075263030494,0.0254007683950806
10,cumulative,14.1171784125675,0.0255443357027396
10,cumulative,14.6459188756152,0.0256876458234651
10,cumulative,15.1944626215212,0.025830796069311
10,cumulative,15.7635513563574,0.0259738860092331
10,cumulative,16.3539545658272,0.0261170173833287
10,cumulative,16.966470555715,0.0262602939742318
10,cumulative,17.601927531305,0.0264038214510891
10,cumulative,18.2611847172275,0.026547707071611
10,cumulative,18.9451335192482,0.0266920599505554
10,cumulative,19.6546987295703,0.0268369904823785
10,cumulative,20.3908397772803,0.0269826103215428
10,cumulative,21.1545520256269,0.0271290322360523
10,cumulative,21.946868117888,0.0272763699472814
10,cumulative,22.7688593736455,0.0274247379080346
10,cumulative,23.6216372373561,0.0275742514825678
10,cumulative,24.5063547811754,0.0277250264659987
10,cumulative,25.4242082640694,0.0278771790804727
10,cumulative,26.3764387493199,0.0280308258562895
10,cumulative,27.3643337826114,0.0281860834935995
10,cumulative,28.3892291329691,0.0283430687478315
10,cumulative,29.4525105989009,0.0285018985327654
10,cumulative,30.5556158821859,0.0286626895790028
10,cumulative,31.7000365318445,0.0288255584516801
10,cumulative,32.8873199609153,0.0289906214819142
10,cumulative,34.1190715387698,0.029157994667515
10,cumulative,35.3969567617906,0.0293277936682942
10,cumulative,36.7227035053502,0.0295001338649879
10,cumulative,38.0981043601342,0.0296751301434763
10,cumulative,39.5250190559693,0.0298528969433177
10,cumulative,41.0053769764316,0.0300335482390231
10,cumulative,42.541179767637,0.0302171974749253
10,cumulative,44.13450404474,0.03040395765906
10,cumulative,45.787504199801,0.0305939413779495
10,cumulative,47.502415314819,0.0307872606765706
10,cumulative,49.2815561838672,0.0309840271214827
10,cumulative,51.1273324484198,0.031184351806713
10,cumulative,53.0422398501076,0.0313883452907057
10,cumulative,55.0288676053019,0.0315961177593208
10,cumulative,57.0899019060881,0.0318077789588733
10,cumulative,59.228129552365,0.0320234381230093
10,cumulative,61.4464417199785,0.032243204005781
10,cumulative,63.7478378699864,0.0324671848603051
10,cumulative,66.1354298043395,0.0326954883173079
10,cumulative,68.6124458734627,0.0329282215686918
10,cumulative,71.1822353414258,0.0331654911436986
10,cumulative,73.8482729146064,0.033407402815494
10,cumulative,76.614163439967,0.0336540615319756
10,cumulative,79.4836467793007,0.0339055712901699
10,cumulative,82.4606028660353,0.0341620348692795
10,cumulative,85.549056951433,0.034423553969777
10,cumulative,88.7531850472805,0.0346902287231521
10,cumulative,92.0773195724265,0.0349621574960401
10,cumulative,95.5259552108045,0.0352394366234319
10,cumulative,99.1037549888589,0.0355221600818471
10,cumulative,102.815556580594,0.0358104189688727
10,cumulative,106.666378848771,0.0361043015257874
10,cumulative,110.661428631092,0.0364038922445428
10,cumulative,114.806107780563,0.0367092714841654
10,cumulative,119.10602046953,0.0370205149016178
10,cumulative,123.566980767288,0.0373376928048821
10,cumulative,128.195020501499,0.0376608693611864
10,cumulative,132.996397414044,0.0379901022674205
10,cumulative,137.977603622346,0.0383254414994494
10,cumulative,143.145374397599,0.0386669285956253
10,cumulative,148.506697271775,0.0390145957281797
10,cumulative,154.068821485723,0.0393684646660879
10,cumulative,159.839267791131,0.039728545705111
10,cumulative,165.825838619609,0.0400948369095633
10,cumulative,172.036628632644,0.0404673225284898
10,cumulative,178.480035666689,0.0408459719466769
10,cumulative,185.16477208818,0.0412307384381314
10,cumulative,192.099876573853,0.0416215577911799
10,cumulative,199.294726332262,0.0420183470954358
10,cumulative,206.75904978305,0.0424210036453759
10,cumulative,214.502939711102,0.0428294031965227
10,cumulative,222.536866913367,0.0432433987803686
10,cumulative,230.871694356805,0.0436628193714002
10,cumulative,239.518691866602,0.0440874684200086
10,cumulative,248.489551364516,0.0445171228605067
10,cumulative,257.796402677952,0.0449515319410667
10,cumulative,267.451829941139,0.0453904157085104
10,cumulative,277.468888610607,0.0458334640715106
10,cumulative,287.861123117945,0.0462803357896103
10,cumulative,298.642585183716,0.0467306573101909
10,cumulative,309.827852817314,0.0471840225306141
10,cumulative,321.432050028413,0.0476399918898896
10,cumulative,333.470867276704,0.0480980915851568
10,cumulative,345.960582687529,0.0485578133280867
10,cumulative,358.91808406214,0.0490186141106662
10,cumulative,372.360891712307,0.0494799157688104
10,cumulative,386.307182150172,0.0499411060903164
10,cumulative,400.775812665383,0.050401538493453
10,cumulative,415.786346822718,0.0508605325693554
10,cumulative,431.3590809147,0.0513173750674768
10,cumulative,447.515071404955,0.0517713210494587
10,cumulative,464.276163399434,0.0522215948346578
10,cumulative,481.665020183967,0.0526673933866514
10,cumulative,499.705153868136,0.0531078873117633
10,cumulative,518.420957176845,0.0535422239125308
10,cumulative,537.83773643263,0.053969530622795
10,cumulative,557.981745773248,0.054388918982798
10,cumulative,578.880222650872,0.0547994885736511
10,cumulative,600.561424660838,0.0552003346202589
10,cumulative,623.054667749776,0.0555905521459092
10,cumulative,646.390365854774,0.0559692438187368
10,cumulative,670.600072027177,0.056335528069841
10,cumulative,695.716521096622,0.0566885480811018
10,cumulative,721.773673932993,0.0570274813971887
10,cumulative,748.806763366166,0.0573515527852051
10,cumulative,776.852341825602,0.0576600440230048
10,cumulative,805.948330764222,0.0579523071468277
10,cumulative,836.134071933397,0.058227777497043
10,cumulative,867.450380578367,0.0584859867927957
10,cumulative,899.939600626025,0.0587265762613655
10,cumulative,933.645661939693,0.0589493104392071
10,cumulative,968.614139718302,0.0591540870020693
10,cumulative,1004.89231612027,0.059340947189034
10,cumulative,1042.52924419547,0.0595100833039547
10,cumulative,1081.57581421162,0.0596618430128066
10,cumulative,1122.08482246488,0.0597967306634164
10,cumulative,1164.11104266769,0.0599154045271383
10,cumulative,1207.71130001028,0.0600186679579845
10,cumulative,1252.94454799608,0.0601074571472441
10,cumulative,1299.87194815494,0.0601828235528526
10,cumulative,1348.55695274186,0.0602459115348972
10,cumulative,1399.0653905331,0.0602979326750064
10,cumulative,1451.46555583568,0.0603401365130364
10,cumulative,1505.82830083061,0.0603737793014149
10,cumulative,1562.22713137474,0.0604000932051232
10,cumulative,1620.73830639066,0.0604202568178233
10,cumulative,1681.44094097927,0.0604353688457329
10,cumulative,1744.4171133941,0.0604464269293445
10,cumulative,1809.75197602241,0.0604543120303622
10,cumulative,1877.53387052279,0.0604597797281245
10,cumulative,1947.85444727517,0.0604634584987396
10,cumulative,2020.80878930467,0.0604658543363607
10,cumulative,2096.4955408468,0.0604673607303299
10,cumulative,2175.01704072797,0.0604682726191944
10,cumulative,2256.47946074155,0.0604688024758482
10,cumulative,2340.99294920664,0.0604690970385183
10,cumulative,2428.67177990366,0.0604692531673032
10,cumulative,2519.63450658805,0.060469331770557
10,cumulative,2614.00412329124,0.0604693692061533
10,cumulative,2711.90823062527,0.0604693859996271
10,cumulative,2813.47920831634,0.0604693930621662
10,cumulative,2918.85439420024,0.0604693958326117
10,cumulative,3028.17626992184,0.0604693968408085
10,cumulative,3141.59265358979,0.06046939717919
