U10,K,LinearSpectrum,ModifiedSpectrum,LinearMssIntegrand,ModifiedMssIntegrand,DressingRatio
3,0.0676706466935288,1.37392045883167e-77,1.27417135351582e-09,6.29161652228813e-80,5.83483380604387e-12,NaN
3,0.0937517414880656,3.52576484664986e-39,2.02981663141073e-09,3.09893188727144e-41,1.78408480371842e-11,NaN
3,0.129884809167718,2.69013216912308e-20,4.71052754001282e-09,4.53827009268374e-22,7.94668994370335e-11,NaN
3,0.144794266849221,4.36975201188255e-16,9.61831312504493e-09,9.16135101781565e-18,2.0165158685936e-10,NaN
3,0.179944003010143,4.03942096766034e-11,4.38989807070711e-09,1.30795821669073e-12,1.42144215668164e-10,NaN
3,0.200599748013052,4.80083973950096e-09,2.21530958843589e-08,1.93187034068849e-10,8.9144631388737e-10,NaN
3,0.223626562873739,1.59680039915153e-07,1.6152857527849e-07,7.9854135070668e-09,8.07785661558884e-09,NaN
3,0.249296622344054,6.17645136510643e-07,5.76679033446962e-07,3.83859077115859e-08,3.58399133233038e-08,NaN
3,0.27791334407462,1.36974671769293e-05,1.3599808283335e-05,1.05793520267787e-06,1.0503924372853e-06,0.992035908864779
3,0.309814974982473,0.000113501121246213,0.000113312870419389,1.089444129828e-05,1.08763719826673e-05,0.998143089718542
3,0.34537858929731,0.000113079778857012,0.000112934998893681,1.34888763340364e-05,1.34716060577698e-05,0.998350967168728
3,0.385024545542863,0.000554313374741297,0.000553042209332916,8.21735768654721e-05,8.19851343469362e-05,0.999068541820451
3,0.429221455134488,0.000599442763341199,0.000598135429745825,0.000110435974229705,0.000110195122778862,0.99774295801999
3,0.478491721321331,0.00135108022177341,0.00135270630854831,0.000309335663403163,0.000309707963006959,1.0012523210866
3,0.533417713942821,0.00154438558636005,0.001546726228997,0.000439430915059885,0.000440096908542901,1.00139833399005
3,0.594648652984544,0.00233488197176165,0.00233370157223262,0.000825630657245241,0.000825213259684783,0.99924203254025
3,0.662908282296446,0.00309079341913815,0.00309365859205273,0.00135824110334805,0.00135950019610937,1.00085573672738
3,0.739003424176002,0.00355357689840912,0.00355231935763839,0.00194070095378925,0.00194001417800166,0.999775142024258
3,0.82383351593069,0.00289227448844712,0.00288649158345468,0.00196299150218458,0.00195906663495519,0.998127782847727
3,0.918401241141045,0.00274199113823447,0.00274692534177931,0.00231276214798585,0.00231692395545118,1.00194866014692
3,1.02382438128479,0.00237122514125137,0.00236770770184046,0.00248555699510779,0.00248186995755891,0.998190787217941
3,1.14134902780712,0.00201959959751548,0.00201745323458585,0.00263088716326915,0.00262809114435223,0.998860068480494
3,1.27236431080254,0.00154287727841955,0.00154736759482357,0.00249778090419131,0.00250505032653917,1.00307389781096
3,1.41841881839987,0.00137443915164452,0.00137751169140102,0.0027652505460321,0.00277143222546782,1.00231698257005
3,1.58123890092601,0.000971049607062842,0.000974223484981423,0.0024279313177653,0.00243586701697288,1.00346428621778
3,1.76274907620186,0.000715647672791032,0.000717332281958467,0.00222372078203888,0.002228955341666,1.00228667506473
3,1.9650947771591,0.000607862059042473,0.000612797309663204,0.00234731859734211,0.00236637654871817,1.0083078244928
3,2.19066771065252,0.000439156729820739,0.000443792289714535,0.00210752413345042,0.00212977030135549,1.01062063882613
3,2.44213412720654,0.000312306365481089,0.00031452109459964,0.00186260112730259,0.00187580981405648,1.00715479630286
3,2.72246633584167,0.000236335691293956,0.000239295956983949,0.0017516783005873,0.00177361926576588,1.01240260747212
3,3.03497783648324,0.000161800151393533,0.000163882315822325,0.00149035583221294,0.00150953483713568,1.01273615421788
3,3.38336248521391,0.000123554967769397,0.000125972869639862,0.00141435122458014,0.00144202928992342,1.01918241767205
3,3.77173815529972,8.64336093104743e-05,8.81639911883586e-05,0.00122960527907283,0.00125422170674295,1.02015262426489
3,4.2046954100587,6.20505934851183e-05,6.29263939325706e-05,0.00109702120213791,0.00111250488417437,1.01402932193515
3,4.68735176288076,4.56790984319412e-05,4.61607872671035e-05,0.00100362764736534,0.00101421096115635,1.01053555729175
3,5.225412165747,3.31385176468907e-05,3.32305908905804e-05,0.000904844980934887,0.000907359034620655,1.00280246343337
3,5.82523644121722,2.42186068974534e-05,2.42416128610989e-05,0.000821819181139651,0.000822599851237006,1.00095377651967
5,0.024361542992796,3.0103526356227e-76,2.87124667137767e-08,1.78659846261334e-79,1.70404119044542e-11,NaN
5,0.0337516954935501,7.72742789863401e-38,4.59151064882986e-08,8.80290773478268e-41,5.23054309080856e-11,NaN
5,0.0467612806391695,5.8980662029017e-19,1.0664929151308e-07,1.28968139910701e-21,2.33201193002365e-10,NaN
5,0.0521294725451492,9.58185286989482e-15,2.17267080493007e-07,2.60385118174805e-17,5.90419360407978e-10,NaN
5,0.0647854081118097,8.86022259986837e-10,9.93422237330111e-08,3.71876753481719e-12,4.16954125351609e-10,NaN
5,0.0722227686523611,1.05319770463515e-07,4.97804306445748e-07,5.49361436508332e-10,2.59661113659384e-09,NaN
5,0.0805139376881015,3.50376127635236e-06,3.54901409844998e-06,2.27131120191482e-08,2.30064631742121e-08,NaN
5,0.0897569323774681,1.35549329284577e-05,1.26450234940008e-05,1.0920269981359e-07,1.01872190149471e-07,NaN
5,0.100061022242164,0.000300652013123225,0.000298483660227328,3.01019054276478e-06,2.98848054218038e-06,0.99194174547994
5,0.111548020937716,0.00249195876658927,0.00248780453508426,3.10073456842811e-05,3.09556547437825e-05,0.998133587807126
5,0.124353726319195,0.00248311393505432,0.00247992447900748,3.83984995609366e-05,3.83491782934405e-05,0.998335815124067
5,0.138629525826404,0.012174953146138,0.012146543999751,0.000233980020176309,0.000233434049069479,0.999050526768378
5,0.154544186167159,0.0199955525936282,0.0199672990802994,0.000477571888127986,0.000476897083886217,0.998471050873455
5,0.172285848456105,0.0235653896118132,0.0236011102280919,0.000699477640590202,0.000700537914695856,1.00167830518699
5,0.192064252395329,0.033947146356581,0.0339993961933591,0.00125226531865511,0.00125419274600983,1.00142004089427
5,0.214113215790763,0.0513368032663896,0.0513108202835078,0.00235350849495381,0.00235231731889598,0.999237345262129
5,0.238693398716901,0.0679787428340287,0.0680428920732744,0.00387305750696676,0.00387671238027375,1.00087050436279
5,0.266095385007446,0.0781869770724328,0.0781588489903138,0.0055361660454932,0.00553417438730429,0.999770591153271
5,0.296643117500875,0.0636594358669866,0.0635301813188721,0.00560184823687493,0.00559047420641735,0.998100067277045
5,0.330697727651968,0.062783220572282,0.0628971026609994,0.00686603497348043,0.00687848923111264,1.00190728005785
5,0.368661804782485,0.0500737857328589,0.0499912263056553,0.00680560464684638,0.00679438386908423,0.998013060082774
5,0.410984155441536,0.0445078473801485,0.0444601792723625,0.00751773041816563,0.00750967889455862,0.998850781139127
5,0.458165109140205,0.034018809512922,0.0341191183810881,0.00714106748986906,0.00716212385273604,1.00311476519932
5,0.510762433184161,0.0303208904472657,0.0303898585861036,0.00791006123711096,0.00792805352538382,1.00235636959614
5,0.569397926528648,0.0214347386462628,0.0215053696037858,0.00694944232834717,0.00697234187352017,1.00349470011393
5,0.6347647706076,0.015806588825197,0.0158448482112689,0.00636889057232167,0.00638430628572769,1.00235233042339
5,0.707635724037444,0.0134346618102231,0.0135455839709557,0.00672738430348135,0.00678292838888981,1.00844648474814
5,0.788872258072355,0.00971312463182738,0.00981663471123057,0.0060446662772181,0.00610908261182071,1.01072643992895
5,0.879434740809165,0.00691289965775528,0.00696370252235362,0.00534647436284355,0.00538576557587734,1.0074098587226
5,0.980393790538325,0.00523561637934663,0.00530310314117426,0.00503232778555399,0.00509719417034909,1.01276351864045
5,1.09294293245879,0.00365662573373063,0.00370415709845387,0.00436792812532162,0.0044247054932908,1.01282474959894
5,1.21841270838294,0.0026805040941021,0.00273557827532771,0.0039792874774829,0.00406104672573995,1.02012720341755
5,1.35828640623469,0.00192054161029631,0.00195979799807157,0.00354328780537733,0.0036157135624354,1.02057275788793
5,1.51421759529292,0.00138285267252071,0.001402634067855,0.00317068056197575,0.00321603643170904,1.01421765163116
5,1.68804967447971,0.00101808950258044,0.00102940178818869,0.00290105795282472,0.00293329244305887,1.01110738301492
5,1.88183766479071,0.00073869815634991,0.000740746608495933,0.00261596138166484,0.00262321559187251,1.00279595144432
5,2.09787250349518,0.000539835245324464,0.000540329301091756,0.00237585218539556,0.00237802655893748,1.00092086171257
10,0.00843792387338752,5.07163691582274e-36,3.12082442174339e-06,3.61093241664194e-40,2.22198202634798e-10,NaN
10,0.0116903201597924,3.87261870547693e-17,7.25255198242554e-06,5.29245957326479e-21,9.91159757496999e-10,NaN
10,0.0130323681362873,6.29232124672735e-13,1.47580442657877e-05,1.06870432164189e-16,2.50654489295706e-09,NaN
10,0.0161963520279524,5.82049313151385e-08,6.75393998927637e-06,1.52684234581348e-11,1.77170582349404e-09,NaN
10,0.0180556921630903,6.91994629209195e-06,3.36138940827192e-05,2.25595798565017e-09,1.09583990371961e-08,NaN
10,0.0201284844220254,0.000230266714773507,0.000233556101097466,9.3293914639512e-08,9.46266288671228e-08,NaN
10,0.022439233094367,0.000891003839447111,0.000830394009808857,4.486375242755e-07,4.1811931244317e-07,NaN
10,0.0250152555605411,0.0197661478839309,0.0196218346779719,1.23689242109599e-05,1.22786183447066e-05,0.991845893625833
10,0.0278870052344289,0.163881686441627,0.163605431997294,0.000127448339308137,0.000127233500353759,0.998115943894086
10,0.0310884315797989,0.163330703900342,0.163119314988743,0.000157857586432788,0.000157653281041415,0.998317443852379
10,0.0346573814566011,0.801035737147133,0.799136154278081,0.000962151330737795,0.000959869676998084,0.999036941812604
10,0.0386360465417899,1.3159656989993,1.31408068493033,0.00196440002295507,0.00196158617933956,0.998449005939105
10,0.0430714621140263,1.55132631919374,1.55372002672338,0.00287794433756984,0.00288238502612485,1.00170842226922
10,0.0480160630988323,2.23545265098392,2.23895237258054,0.00515393068116477,0.00516199943739829,1.00144502088443
10,0.0535283039476907,3.38159486563031,3.37985802640454,0.00968921384899963,0.00968423731947776,0.999225242970372
10,0.0596733496792252,4.47941346854869,4.4837121122024,0.0159507822205616,0.0159660892979827,1.00088578112916
10,0.0665238462518615,5.15425657069286,5.15237958279959,0.0228097610408278,0.0228014545770857,0.999768155686571
10,0.0741607793752188,4.19822680615909,4.1895769915489,0.0230894967805939,0.023041924346846,0.998072494629167
10,0.0826744319129921,4.14229962815789,4.14994433360748,0.0283128735057711,0.0283651255391372,1.00194049889734
10,0.0921654511956213,3.30526760123344,3.29974886723722,0.0280764977832305,0.0280296190606867,0.997987146501749
10,0.102746038860384,2.93930011971374,2.93613687958023,0.0310294521342454,0.0309960586037061,0.998844429742407
10,0.114541277285051,2.24783056830788,2.25457098701136,0.0294908721526176,0.0295793044522054,1.00316666070691
10,0.12769060829604,2.00464030150082,2.00930680494615,0.032685442506278,0.0327615293383912,1.00241117841732
10,0.142349481632162,1.41806514313205,1.42284554879155,0.0287347856576086,0.0288316528097613,1.00357383807441
10,0.1586911926519,1.04640765240017,1.04903386887424,0.0263515736454826,0.0264177093782123,1.00244065271411
10,0.176908931009361,0.89001189072143,0.897521228419899,0.0278544973262508,0.0280895153400825,1.00863015464651
10,0.197218064518089,0.643978244661999,0.651004928047953,0.0250475112690266,0.0253208138731944,1.01098207482577
10,0.219858685202291,0.458709475754343,0.462190682831374,0.0221730259146995,0.0223412999504746,1.00765108220216
10,0.245098447634581,0.347720814776639,0.35232577376148,0.0208887190999935,0.0211653539478761,1.0131156615175
10,0.273235733114698,0.243091483916433,0.246352578998977,0.0181486670865386,0.0183921331596282,1.01323890648123
10,0.304603177095736,0.178387269467488,0.182152350346264,0.0165513230584182,0.016900658917147,1.02068155948417
10,0.339571601558673,0.127959050961486,0.130645522461026,0.0147548139034312,0.0150645879032752,1.02112960039356
10,0.378554398823231,0.0922497412647511,0.0936064607879619,0.0132197046044622,0.0134141271695779,1.01461874381372
10,0.422012418619927,0.0680084212928287,0.0687836241929381,0.0121119245257016,0.0122499838842302,1.01139481122667
10,0.470459416197679,0.0494178985750331,0.0495599874037607,0.0109377654056037,0.0109692142190942,1.00289847623851
10,0.524468125873795,0.0361715910499498,0.0362056830664776,0.00994960434567463,0.00995898192807981,1.0009482616892
