U10,Seed,Group,MssAlong,MssCross,MssTotal,Gamma,PrimaryMss,ShortWaveMss
1,1,Linear Elfouhaily,0.0117036735656681,0.00678676438406237,0.0184904379497305,0.761500663323114,0.00828753292802549,0.010202905021705
1,1,Modified Lie Breaking,0.0117733924155677,0.0068064319374939,0.0185798243530616,0.760341934140965,0.00837691933135665,0.010202905021705
1,2,Linear Elfouhaily,0.0119157166640611,0.00680789143288491,0.018723608096946,0.75586846478391,0.00832233527372453,0.0104012728232214
1,2,Modified Lie Breaking,0.0119822126208975,0.00682037054013531,0.0188025831610328,0.754458705381929,0.00840131033781138,0.0104012728232214
1,3,Linear Elfouhaily,0.0110409564096829,0.00672745633193958,0.0177684127416225,0.780588405319774,0.00837966227343018,0.00938875046819234
1,3,Modified Lie Breaking,0.011113090396068,0.00674251336681861,0.0178556037628866,0.778921128798342,0.0084668532946943,0.00938875046819234
1,4,Linear Elfouhaily,0.0114299623852816,0.0065704094897074,0.018000371874989,0.758182608088423,0.00843297409792102,0.00956739777706801
1,4,Modified Lie Breaking,0.0115076889364741,0.00658503594706162,0.0180927248835357,0.756458344661087,0.0085253271064677,0.00956739777706801
1,5,Linear Elfouhaily,0.0114938410848112,0.00689380187482673,0.018387642959638,0.774456099906105,0.00826061422383901,0.010127028735799
1,5,Modified Lie Breaking,0.0115576791188748,0.00690831676685281,0.0184659958857276,0.773126937126631,0.00833896714992866,0.010127028735799
1,6,Linear Elfouhaily,0.0112798049303042,0.00679533638151716,0.0180751413118214,0.776166126686221,0.00815863388946957,0.00991650742235181
1,6,Modified Lie Breaking,0.0113564466904119,0.00681092322872895,0.0181673699191408,0.774429270375468,0.00825086249678904,0.00991650742235181
1,7,Linear Elfouhaily,0.0112403817650374,0.00672164933012335,0.0179620310951607,0.773298904403019,0.00841834419567586,0.00954368689948488
1,7,Modified Lie Breaking,0.0113146526732162,0.00674007459891289,0.0180547272721291,0.771812376001076,0.00851104037264419,0.00954368689948488
1,8,Linear Elfouhaily,0.0118521743454086,0.00682555762269162,0.0186777319681003,0.758874663037558,0.00846822218501845,0.0102095097830818
1,8,Modified Lie Breaking,0.0119240151672093,0.00684053601548782,0.0187645511826971,0.757414834818489,0.00855504139961526,0.0102095097830818
1,9,Linear Elfouhaily,0.011383895655896,0.00652505893167065,0.0179089545875667,0.757088703280774,0.00846579273705649,0.00944316185051018
1,9,Modified Lie Breaking,0.0114311926054966,0.0065384857996259,0.0179696784051225,0.756297772507329,0.00852651655461235,0.00944316185051018
1,10,Linear Elfouhaily,0.0115186105874972,0.00687636196960383,0.0183949725571011,0.772643787122099,0.00846427555014295,0.00993069700695812
1,10,Modified Lie Breaking,0.0115925973608446,0.00688831624197187,0.0184809136028164,0.770843407713325,0.00855021659585831,0.00993069700695812
1,11,Linear Elfouhaily,0.0114098038232715,0.0069668807261137,0.0183766845493852,0.781412040867519,0.00834347724055149,0.0100332073088337
1,11,Modified Lie Breaking,0.0114934202031611,0.00698491353657321,0.0184783337397343,0.779571358609926,0.00844512643090057,0.0100332073088337
1,12,Linear Elfouhaily,0.0111665291883141,0.00657070388368116,0.0177372330719952,0.767090925346326,0.0082214044910578,0.00951582858093743
1,12,Modified Lie Breaking,0.0112298586024872,0.00658205452707604,0.0178119131295633,0.765585313952283,0.00829608454862586,0.00951582858093743
1,13,Linear Elfouhaily,0.01149250990349,0.00681336981864135,0.0183058797221314,0.769969527651028,0.00817563205878752,0.0101302476633438
1,13,Modified Lie Breaking,0.0115627352857838,0.00682574459670647,0.0183884798824903,0.768324576805589,0.00825823221914643,0.0101302476633438
1,14,Linear Elfouhaily,0.0114246585931752,0.00676600956121995,0.0181906681543952,0.769563902315248,0.00810680247372051,0.0100838656806747
1,14,Modified Lie Breaking,0.0114800540561577,0.00678169828722925,0.0182617523433869,0.768594488207082,0.00817788666271227,0.0100838656806747
1,15,Linear Elfouhaily,0.0114726381608212,0.00684891719945431,0.0183215553602755,0.772643774519406,0.00815813614708183,0.0101634192131937
1,15,Modified Lie Breaking,0.0115293745859874,0.00686268432749949,0.0183920589134869,0.771514577806763,0.00822863970029316,0.0101634192131937
1,16,Linear Elfouhaily,0.0114061790771227,0.00663734086425127,0.018043519941374,0.76282860121531,0.00835540523694748,0.00968811470442647
1,16,Modified Lie Breaking,0.011473748003917,0.00665608567215491,0.0181298336760719,0.761652370285458,0.00844171897164544,0.00968811470442647
1,17,Linear Elfouhaily,0.0118310001123161,0.00697690816534277,0.0188079082776589,0.767928479217632,0.00818408941081927,0.0106238188668396
1,17,Modified Lie Breaking,0.0118912719607814,0.00699167761766126,0.0188829495784427,0.766790178604428,0.00825913071160305,0.0106238188668396
1,18,Linear Elfouhaily,0.0114232854856926,0.00666437327908161,0.0180876587647742,0.763807892891775,0.00827237856173013,0.00981528020304407
1,18,Modified Lie Breaking,0.0114931758759234,0.00668087681468857,0.018174052690612,0.762424257956453,0.00835877248756789,0.00981528020304407
1,19,Linear Elfouhaily,0.0112385104878763,0.00693190465155829,0.0181704151394346,0.785365668481256,0.00837079840151002,0.00979961673792455
1,19,Modified Lie Breaking,0.0112934019073802,0.0069385217281165,0.0182319236354967,0.783828561254635,0.00843230689757218,0.00979961673792455
1,20,Linear Elfouhaily,0.0118152815582005,0.00688785189708925,0.0187031334552897,0.763519023996539,0.00849824842593254,0.0102048850293572
1,20,Modified Lie Breaking,0.0118821959791315,0.00690349438974593,0.0187856903688775,0.762230166266269,0.00858080533952028,0.0102048850293572
2,1,Linear Elfouhaily,0.0129281772263725,0.0078755263566061,0.0208037035829786,0.780496834711143,0.008310429806328,0.0124932737766506
2,1,Modified Lie Breaking,0.0131488966623325,0.00792100583810939,0.0210699025004419,0.776149729684348,0.00857662872379136,0.0124932737766506
2,2,Linear Elfouhaily,0.0131866038952103,0.00796786614640552,0.0211544700416158,0.777328398740852,0.00834546578051143,0.0128090042611043
2,2,Modified Lie Breaking,0.013399856194769,0.00800228580200992,0.0214021419967789,0.772781933353304,0.0085931377356746,0.0128090042611043
2,3,Linear Elfouhaily,0.0121615371864406,0.00783122970230175,0.0199927668887423,0.802455106927153,0.00840250245990533,0.011590264428837
2,3,Modified Lie Breaking,0.0123945655899405,0.00787046981738479,0.0202650354073253,0.796864856443438,0.00867477097848825,0.011590264428837
2,4,Linear Elfouhaily,0.0126333095865697,0.00761385723717525,0.0202471668237449,0.776325399071074,0.00845608299547353,0.0117910838282714
2,4,Modified Lie Breaking,0.0128778365959829,0.00765250682153669,0.0205303434175196,0.770868692022329,0.00873925958924819,0.0117910838282714
2,5,Linear Elfouhaily,0.0127135912147915,0.00800763888313826,0.0207212300979298,0.7936300767706,0.00828371255956159,0.0124375175383682
2,5,Modified Lie Breaking,0.0129246795010406,0.00804531667604379,0.0209699961770844,0.788972162901528,0.00853247863871626,0.0124375175383682
2,6,Linear Elfouhaily,0.0124495002307352,0.00788822564642374,0.0203377258771589,0.796001165926871,0.00818136682602845,0.0121563590511305
2,6,Modified Lie Breaking,0.0126791031402433,0.0079272022437985,0.0206063053840418,0.790707215320946,0.00844994633291136,0.0121563590511305
2,7,Linear Elfouhaily,0.0124049229700822,0.00782060229901362,0.0202255252690959,0.794004684557177,0.00844108235332277,0.0117844429157731
2,7,Modified Lie Breaking,0.0126376606025095,0.00786476544244488,0.0205024260449544,0.788877452848947,0.00871798312918128,0.0117844429157731
2,8,Linear Elfouhaily,0.0130993962548967,0.00791020367391976,0.0210095999288165,0.777084404600558,0.00849105956917779,0.0125185403596387
2,8,Modified Lie Breaking,0.0133311329047596,0.00794855109727023,0.0212796840020298,0.772165611132636,0.0087611436423911,0.0125185403596387
2,9,Linear Elfouhaily,0.0125924928108079,0.0075879121100466,0.0201804049208545,0.776256572145185,0.00848879282569417,0.0116916120951603
2,9,Modified Lie Breaking,0.0127775166932538,0.00762514986865061,0.0204026665619045,0.772504403073048,0.00871105446674418,0.0116916120951603
2,10,Linear Elfouhaily,0.0126759581221049,0.0079613101678821,0.020637268289987,0.792504750505196,0.00848746221691797,0.012149806073069
2,10,Modified Lie Breaking,0.012906312120824,0.00799526431276915,0.0209015764335931,0.787073573474532,0.00875177036052415,0.012149806073069
2,11,Linear Elfouhaily,0.0125892819638567,0.0080942997758332,0.0206835817396899,0.801842667295133,0.00836652817519061,0.0123170535644993
2,11,Modified Lie Breaking,0.0128335869986227,0.00813687716980438,0.020970464168427,0.796259910176193,0.00865341060392779,0.0123170535644993
2,12,Linear Elfouhaily,0.0123616507532029,0.00763888777535948,0.0200005385285624,0.786098251168451,0.00824418664543109,0.0117563518831313
2,12,Modified Lie Breaking,0.0125719236276512,0.00767111387097349,0.0202430374986247,0.781139047315257,0.00848668561549342,0.0117563518831313
2,13,Linear Elfouhaily,0.0126608293554913,0.00795054626644638,0.0206113756219377,0.792441856821997,0.00819854332732173,0.012412832294616
2,13,Modified Lie Breaking,0.0128821405738783,0.00798318251191589,0.0208653230857942,0.78721618065739,0.00845249079117827,0.012412832294616
2,14,Linear Elfouhaily,0.0125893505527101,0.00785683838354482,0.0204461889362549,0.78999118717777,0.00812942503545045,0.0123167639008044
2,14,Modified Lie Breaking,0.0127782619354798,0.00789472471859828,0.0206729866540781,0.786018200621699,0.00835622275327368,0.0123167639008044
2,15,Linear Elfouhaily,0.0126906268352649,0.00798774897197362,0.0206783758072385,0.793360670039703,0.00818072445689417,0.0124976513503443
2,15,Modified Lie Breaking,0.0128849715363894,0.00802321560182371,0.0209081871382131,0.789100829043548,0.0084105357878688,0.0124976513503443
2,16,Linear Elfouhaily,0.0126051073904342,0.00769044683435261,0.0202955542247868,0.78109257965779,0.00837827729859883,0.011917276926188
2,16,Modified Lie Breaking,0.0128208729805016,0.00773474645538213,0.0205556194358837,0.776719560405206,0.00863834250969574,0.011917276926188
2,17,Linear Elfouhaily,0.0131247839982483,0.00813210698369769,0.021256890981946,0.787146301799557,0.00820666071233913,0.0130502302696068
2,17,Modified Lie Breaking,0.0133236343133174,0.00816904345900267,0.0214926777723201,0.783022517084978,0.00844244750271326,0.0130502302696068
2,18,Linear Elfouhaily,0.0125653941188599,0.00773852213160386,0.0203039162504637,0.784767405914365,0.00829503352035557,0.0120088827301081
2,18,Modified Lie Breaking,0.0127862901885213,0.00777974026120191,0.0205660304497232,0.780028140135326,0.00855714771961508,0.0120088827301081
2,19,Linear Elfouhaily,0.012450157824847,0.00806787754471307,0.0205180353695601,0.804993216164903,0.00839387971631751,0.0121241556532426
2,19,Modified Lie Breaking,0.0126469076781916,0.00809433110586143,0.020741238784053,0.800015329283197,0.00861708313081042,0.0121241556532426
2,20,Linear Elfouhaily,0.0130493064624907,0.00800489975268663,0.0210542062151774,0.783220837741979,0.00852115742151685,0.0125330487936605
2,20,Modified Lie Breaking,0.0132755578888982,0.00804401368236426,0.0213195715712624,0.778412873790059,0.00878652277760192,0.0125330487936605
3,1,Linear Elfouhaily,0.0157566436834162,0.010157757508092,0.0259144011915081,0.80291036316331,0.00859848813288102,0.0173159130586271
3,1,Modified Lie Breaking,0.0162437744713703,0.0102457897994642,0.0264895642708345,0.794198834347464,0.00917365121220737,0.0173159130586271
3,2,Linear Elfouhaily,0.0160616485237788,0.0102450152344892,0.026306663758268,0.798658733741342,0.00863429537619947,0.0176723683820685
3,2,Modified Lie Breaking,0.0165330584477873,0.0103167845438249,0.0268498429916121,0.789942681477711,0.00917747460954362,0.0176723683820685
3,3,Linear Elfouhaily,0.0149448527952127,0.0100186099147776,0.0249634627099903,0.818762442277554,0.00869267296745386,0.0162707897425364
3,3,Modified Lie Breaking,0.0154611211057926,0.0100985816787361,0.0255597027845287,0.808182980189694,0.00928891304199224,0.0162707897425364
3,4,Linear Elfouhaily,0.0154831074457719,0.00977452412396866,0.0252576315697405,0.794545454772376,0.00874917850977869,0.0165084530599618
3,4,Modified Lie Breaking,0.0160189799477632,0.00985332404915171,0.0258723039969149,0.78428508148555,0.00936385093695307,0.0165084530599618
3,5,Linear Elfouhaily,0.0155091237605521,0.0103026374537716,0.0258117612143237,0.815043105246484,0.00857084864315032,0.0172409125711734
3,5,Modified Lie Breaking,0.0159834121339117,0.0103796008463339,0.0263630129802456,0.805852536857602,0.00912210040907218,0.0172409125711734
3,6,Linear Elfouhaily,0.015298052806274,0.0101384953356475,0.0254365481419215,0.81408297988362,0.00846501171113784,0.0169715364307836
3,6,Modified Lie Breaking,0.0157912319493297,0.0102162111074659,0.0260074430567957,0.804334918226221,0.00903590662601205,0.0169715364307836
3,7,Linear Elfouhaily,0.0152298181764945,0.0100840730149353,0.0253138911914298,0.813711832994629,0.00873276290905223,0.0165811282823776
3,7,Modified Lie Breaking,0.0157437461894831,0.0101709109073062,0.0259146570967892,0.803759067114041,0.00933352881441163,0.0165811282823776
3,8,Linear Elfouhaily,0.0158085695011486,0.0100800374006741,0.0258886069018227,0.798518137807234,0.00878403228443866,0.0171045746173841
3,8,Modified Lie Breaking,0.0163252215031922,0.0101583611581301,0.0264835826613224,0.788827937337685,0.00937900804393829,0.0171045746173841
3,9,Linear Elfouhaily,0.015412481826428,0.00976822894709443,0.0251807107735225,0.796107336671037,0.00878215624363633,0.0163985545298861
3,9,Modified Lie Breaking,0.0158542200975167,0.00984623840570516,0.0257004585032218,0.788066256113537,0.00930190397333571,0.0163985545298861
3,10,Linear Elfouhaily,0.0153702250500837,0.0101041631147924,0.0254743881648761,0.810793131622132,0.00878143073996751,0.0166929574249086
3,10,Modified Lie Breaking,0.0158740703706263,0.010176526075264,0.0260505964458904,0.800673812326869,0.00935763902098181,0.0166929574249086
3,11,Linear Elfouhaily,0.0154231516854531,0.0103572618047069,0.02578041349016,0.819475383498988,0.00865659885234165,0.0171238146378183
3,11,Modified Lie Breaking,0.0159441300526882,0.0104410069489023,0.0263851370015905,0.809227770806679,0.00926132236377217,0.0171238146378183
3,12,Linear Elfouhaily,0.0153378961458438,0.00987819412316645,0.0252160902690103,0.802520032122541,0.00852971443231464,0.0166863758366956
3,12,Modified Lie Breaking,0.0158099723921166,0.00994641974194455,0.0257563921340611,0.793172841761007,0.00907001629736549,0.0166863758366956
3,13,Linear Elfouhaily,0.0154544139197866,0.010278543457236,0.0257329573770226,0.815529205065519,0.00848337598514565,0.0172495813918769
3,13,Modified Lie Breaking,0.0159398159444318,0.0103465524317531,0.0262863683761849,0.80566812219021,0.00903678698430798,0.0172495813918769
3,14,Linear Elfouhaily,0.0154749773548605,0.0100649548696824,0.0255399322245429,0.80647499195035,0.00841192573187675,0.0171280064926661
3,14,Modified Lie Breaking,0.0159076794611277,0.0101400128694873,0.026047692330615,0.798391376412059,0.00891968583794887,0.0171280064926661
3,15,Linear Elfouhaily,0.0155176542839396,0.0102016498585534,0.0257193041424929,0.810815739817427,0.00846421701432535,0.0172550871281676
3,15,Modified Lie Breaking,0.0159602574761191,0.0102740626138694,0.0262343200899885,0.802326538273044,0.00897923296182089,0.0172550871281676
3,16,Linear Elfouhaily,0.0155153002903595,0.00988713478468661,0.0254024350750461,0.798279790271411,0.00866789017884397,0.0167345448962022
3,16,Modified Lie Breaking,0.0159932156855361,0.00997392787298922,0.0259671435585253,0.789705594210378,0.00923259866232315,0.0167345448962022
3,17,Linear Elfouhaily,0.0160394587512623,0.0104124160409236,0.026451874792186,0.805713984809201,0.0084914595357322,0.0179604152564538
3,17,Modified Lie Breaking,0.0164862009245623,0.0104868727571106,0.0269730736816729,0.797558788534745,0.00901265842521915,0.0179604152564538
3,18,Linear Elfouhaily,0.0153522968613737,0.009921098631159,0.0252733954925327,0.803883664945148,0.00858216228190539,0.0166912332106273
3,18,Modified Lie Breaking,0.0158393470278558,0.0100033447574416,0.0258426917852973,0.79470140595984,0.00915145857467004,0.0166912332106273
3,19,Linear Elfouhaily,0.015333466626543,0.0102778953518061,0.0256113619783491,0.818713439534508,0.00868467285215106,0.0169266891261981
3,19,Modified Lie Breaking,0.0157877854212993,0.010339641743281,0.0261274271645803,0.809267571729178,0.00920073803838222,0.0169266891261981
3,20,Linear Elfouhaily,0.0159671388804895,0.0103553151296445,0.026322454010134,0.805319302089646,0.0088145919148723,0.0175078620952617
3,20,Modified Lie Breaking,0.0164802925317312,0.0104346009344701,0.0269148934662012,0.795711187213376,0.00940703137093952,0.0175078620952617
4,1,Linear Elfouhaily,0.0182700460737893,0.0122354511494533,0.0305054972232426,0.818352045770872,0.00873481458701099,0.0217706826362316
4,1,Modified Lie Breaking,0.019125972254952,0.0123796643465571,0.0315056366015091,0.80453079851951,0.0097349539652775,0.0217706826362316
4,2,Linear Elfouhaily,0.018715903444703,0.0123127749122358,0.0310286783569389,0.811096583628874,0.00877098776637861,0.0222576905905602
4,2,Modified Lie Breaking,0.0195443284313953,0.0124349839886004,0.0319793124199957,0.797649760539806,0.00972162182943546,0.0222576905905602
4,3,Linear Elfouhaily,0.0175907955341846,0.0120205193854166,0.0296113149196011,0.826644682183737,0.00883000965795176,0.0207813052616494
4,3,Modified Lie Breaking,0.0184990089364278,0.0121551125565947,0.0306541214930225,0.810597502448861,0.00987281623137311,0.0207813052616494
4,4,Linear Elfouhaily,0.0181119609309902,0.0118340490714859,0.0299460100024761,0.808321157708592,0.00888789102965329,0.0210581189728228
4,4,Modified Lie Breaking,0.0190491012131904,0.0119665215359116,0.031015622749102,0.792586587433594,0.00995750377627921,0.0210581189728228
4,5,Linear Elfouhaily,0.0181325700932574,0.0124128494985355,0.0305454195917929,0.827381988526959,0.00870673343314003,0.0218386861586528
4,5,Modified Lie Breaking,0.0189737561087536,0.0125426856617471,0.0315164417705008,0.813052542566365,0.00967775561184794,0.0218386861586528
4,6,Linear Elfouhaily,0.0179662340699208,0.0122241956942452,0.030190429764166,0.824862614040494,0.00859924481273275,0.0215911849514332
4,6,Modified Lie Breaking,0.0188198117719081,0.0123533806551026,0.0311731924270107,0.810187007203298,0.00958200747557748,0.0215911849514332
4,7,Linear Elfouhaily,0.0178296596093507,0.0121572053092197,0.0299868649185704,0.825743853223942,0.00887081844543721,0.0211160464731332
4,7,Modified Lie Breaking,0.0187338844925382,0.0123006356919892,0.0310345201845274,0.810307500674203,0.0099184737113942,0.0211160464731332
4,8,Linear Elfouhaily,0.0183023121616261,0.012095604319191,0.0303979164808171,0.812944330335819,0.00892270104936303,0.021475215431454
4,8,Modified Lie Breaking,0.0192156165497012,0.0122279642879843,0.0314435808376855,0.797718968432725,0.00996836540623149,0.021475215431454
4,9,Linear Elfouhaily,0.0180876718018904,0.0117840433164553,0.0298717151183457,0.80715293540477,0.00892100428099601,0.0209507108373497
4,9,Modified Lie Breaking,0.0188950843037102,0.0119173071847386,0.0308123914884489,0.794172144272995,0.00986168065109919,0.0209507108373497
4,10,Linear Elfouhaily,0.017908278466598,0.0120706985575864,0.0299789770241844,0.820992675857906,0.00892055928393572,0.0210584177402487
4,10,Modified Lie Breaking,0.0187888789323869,0.0121956229965149,0.0309845019289017,0.805659553397709,0.00992608418865307,0.0210584177402487
4,11,Linear Elfouhaily,0.0180488093306353,0.0124032253724624,0.0304520347030977,0.828978064793884,0.00879387738519762,0.0216581573179001
4,11,Modified Lie Breaking,0.0189476302226099,0.01254186723484,0.0314894974574498,0.813586341976584,0.00983134013954971,0.0216581573179001
4,12,Linear Elfouhaily,0.0180371058692526,0.0119028611003396,0.0299399669695922,0.812348261979486,0.00866484467269117,0.021275122296901
4,12,Modified Lie Breaking,0.0188735121813082,0.0120200445829656,0.0308935567642738,0.798043705276081,0.00961843446737277,0.021275122296901
4,13,Linear Elfouhaily,0.018006398014097,0.0123748464871149,0.0303812445012119,0.829003735076942,0.00861816536721388,0.021763079133998
4,13,Modified Lie Breaking,0.0188557840105033,0.0124911701976551,0.0313469542081585,0.813915399510739,0.00958387507416043,0.021763079133998
4,14,Linear Elfouhaily,0.0182625326689572,0.0121702924772709,0.0304328251462281,0.816337984332464,0.0085456126980858,0.0218872124481423
4,14,Modified Lie Breaking,0.0190385389079261,0.0122949150931647,0.0313334540010907,0.803611159484022,0.00944624155294847,0.0218872124481423
4,15,Linear Elfouhaily,0.018120032406261,0.0121916140881169,0.0303116464943779,0.820259215892475,0.00859838172741968,0.0217132647669582
4,15,Modified Lie Breaking,0.0189103126424913,0.0123138248001416,0.0312241374426329,0.80695093766631,0.00951087267567473,0.0217132647669582
4,16,Linear Elfouhaily,0.0182198310767734,0.0119468904254014,0.0301667215021748,0.809758036990141,0.00880496232884427,0.0213617591733305
4,16,Modified Lie Breaking,0.0190611257034417,0.0120901017803111,0.0311512274837529,0.796417337500489,0.00978946831042231,0.0213617591733305
4,17,Linear Elfouhaily,0.0186278355651146,0.0124512726372497,0.0310791082023643,0.817571367669881,0.00862624215908578,0.0224528660432785
4,17,Modified Lie Breaking,0.0194201636131294,0.0125761030381509,0.0319962666512804,0.8047233465936,0.00954340060800182,0.0224528660432785
4,18,Linear Elfouhaily,0.0179187585660748,0.0119406440176168,0.0298594025836916,0.816319021923005,0.00871805463902031,0.0211413479446713
4,18,Modified Lie Breaking,0.0187741167347254,0.0120774404088881,0.0308515571436134,0.802061545361876,0.00971020919894209,0.0211413479446713
4,19,Linear Elfouhaily,0.0179832481249082,0.012332734780989,0.0303159829058973,0.828124489173808,0.00882229525867067,0.0214936876472266
4,19,Modified Lie Breaking,0.0187998343594726,0.0124435211994152,0.0312433555588878,0.813569454465367,0.00974966791166121,0.0214936876472266
4,20,Linear Elfouhaily,0.0186492119006709,0.0125383768231767,0.0311875887238477,0.819955752549023,0.00895348380125194,0.0222341049225957
4,20,Modified Lie Breaking,0.0195639527852636,0.0126719181876207,0.0322358709728843,0.804809097850442,0.0100017660502886,0.0222341049225957
5,1,Linear Elfouhaily,0.0202240798928026,0.0138288207045762,0.0340529005973788,0.826909891179711,0.00877977216334472,0.0252731284340341
5,1,Modified Lie Breaking,0.0215417347501046,0.0140413962653594,0.035583131015464,0.80735550507994,0.01031000258143,0.0252731284340341
5,2,Linear Elfouhaily,0.0208412893601755,0.0138806627460953,0.0347219521062708,0.816098932039537,0.00881550419445381,0.025906447911817
5,2,Modified Lie Breaking,0.0221176274341103,0.0140650193953848,0.0361826468294951,0.797445292389076,0.010276198917678,0.025906447911817
5,3,Linear Elfouhaily,0.0196166737957397,0.0135376839544977,0.0331543577502374,0.830729246373669,0.00887467239664447,0.024279685353593
5,3,Modified Lie Breaking,0.0210170653876793,0.0137394650401718,0.0347565304278511,0.808535092192156,0.0104768450742581,0.024279685353593
5,4,Linear Elfouhaily,0.0202569673489457,0.0134720561700786,0.0337290235190243,0.815510821649888,0.00893314991200492,0.0247958736070194
5,4,Modified Lie Breaking,0.0216972074582573,0.0136705132273671,0.0353677206856244,0.793762338122358,0.010571847078605,0.0247958736070194
5,5,Linear Elfouhaily,0.0201826023996674,0.0140371119896657,0.0342197143893331,0.833969753863653,0.00875106503071322,0.0254686493586199
5,5,Modified Lie Breaking,0.0214834342410425,0.0142321504489282,0.0357155846899707,0.813923165978593,0.0102469353313508,0.0254686493586199
5,6,Linear Elfouhaily,0.020026626857002,0.0137937594387673,0.0338203862957693,0.829922274442996,0.00864310508343315,0.0251772812123362
5,6,Modified Lie Breaking,0.0213283644415601,0.0139860199508887,0.0353143843924488,0.809782328647495,0.0101371031801127,0.0251772812123362
5,7,Linear Elfouhaily,0.0198343230893437,0.0137006998871393,0.033535022976483,0.831117993811184,0.00891628994796254,0.0246187330285205
5,7,Modified Lie Breaking,0.0212313300884097,0.0139129147365622,0.0351442448249718,0.809506724190969,0.0105255117964513,0.0246187330285205
5,8,Linear Elfouhaily,0.0204182930650879,0.0136489880625904,0.0340672811276783,0.817599299081898,0.00896802600756706,0.0250992551201112
5,8,Modified Lie Breaking,0.021834034676346,0.0138482138390167,0.0356822485153627,0.796397490217461,0.0105829933952515,0.0250992551201112
5,9,Linear Elfouhaily,0.0203080589515147,0.0134083326396003,0.0337163915911151,0.812555772757272,0.00896614704606218,0.0247502445450529
5,9,Modified Lie Breaking,0.0215793161539741,0.0136095113114337,0.0351888274654078,0.794149792088244,0.0104385829203549,0.0247502445450529
5,10,Linear Elfouhaily,0.0199024572160133,0.0136438496538021,0.0335463068698154,0.827970975868368,0.0089658547431666,0.0245804521266489
5,10,Modified Lie Breaking,0.0212546148010795,0.0138340901160942,0.0350887049171737,0.806768031651782,0.0105082527905249,0.0245804521266489
5,11,Linear Elfouhaily,0.0201285741654546,0.0139591530017754,0.0340877271672299,0.832766080668345,0.00883882429732777,0.0252489028699021
5,11,Modified Lie Breaking,0.0215007729879139,0.014165429464882,0.0356662024527959,0.811685590250924,0.0104172995828938,0.0252489028699021
5,12,Linear Elfouhaily,0.0200946186703463,0.0135206374267054,0.0336152560970516,0.820273533045501,0.00870905977045177,0.0249061963265999
5,12,Modified Lie Breaking,0.021391145771103,0.0136993059079884,0.0350904516790915,0.800262116184136,0.0101842553524916,0.0249061963265999
5,13,Linear Elfouhaily,0.01999526848474,0.0139969095254184,0.0339921780101583,0.836666649225805,0.00866230455509952,0.0253298734550588
5,13,Modified Lie Breaking,0.0213001873729635,0.0141733526394002,0.0354735400123637,0.815726524860842,0.0101436665573048,0.0253298734550588
5,14,Linear Elfouhaily,0.0204250817301644,0.013820289663771,0.0342453713939354,0.822577206904104,0.00858922171328364,0.0256561496806518
5,14,Modified Lie Breaking,0.0216390690485531,0.0140057441880054,0.0356448132365585,0.804514375172882,0.00998866355590668,0.0256561496806518
5,15,Linear Elfouhaily,0.0201624568021302,0.0136362988361503,0.0337987556382805,0.82238755589517,0.00864251110041984,0.0251562445378606
5,15,Modified Lie Breaking,0.0213903278989124,0.0138198706036721,0.0352101985025845,0.803791237315382,0.0100539539647238,0.0251562445378606
5,16,Linear Elfouhaily,0.020341750550029,0.0135513122721205,0.0338930628221495,0.816199857158716,0.00884960530424552,0.025043457517904
5,16,Modified Lie Breaking,0.0216395587015996,0.0137637117300638,0.0354032704316634,0.797523674755901,0.0103598129137594,0.025043457517904
5,17,Linear Elfouhaily,0.0206647190799812,0.0139826764127654,0.0346473954927466,0.822584270729399,0.00867044709269952,0.025976948400047
5,17,Modified Lie Breaking,0.0218899549521259,0.0141695074374178,0.0360594623895437,0.804553526630184,0.0100825139894966,0.025976948400047
5,18,Linear Elfouhaily,0.0199017437225423,0.0135025007610065,0.0334042444835488,0.823685726957465,0.00876239386105116,0.0246418506224977
5,18,Modified Lie Breaking,0.021220909827583,0.0137059695120677,0.0349268793396507,0.80366097651138,0.010285028717153,0.0246418506224977
5,19,Linear Elfouhaily,0.0200236906857438,0.0139307227446529,0.0339544134303967,0.834093545391842,0.00886734257711806,0.0250870708532787
5,19,Modified Lie Breaking,0.0213004086691962,0.0141031391236343,0.0354035477928305,0.813699271400103,0.0103164769395518,0.0250870708532787
5,20,Linear Elfouhaily,0.0206866634491018,0.014187009934209,0.0348736733833108,0.828133230511906,0.0089988075380758,0.025874865845235
5,20,Modified Lie Breaking,0.0221068084397866,0.0143875099256606,0.0364943183654471,0.806732947401923,0.0106194525202121,0.025874865845235
6,1,Linear Elfouhaily,0.021900835701479,0.0151223608785386,0.0370231965800176,0.830958730904326,0.00878893877825193,0.0282342578017657
6,1,Modified Lie Breaking,0.0237721108234495,0.0154155683774083,0.0391876792008578,0.805278117600138,0.0109534213990921,0.0282342578017657
6,2,Linear Elfouhaily,0.0226331811234621,0.0150940419184024,0.0377272230418645,0.816638736489162,0.00882526248194987,0.0289019605599146
6,2,Modified Lie Breaking,0.024443786015252,0.0153524070657806,0.0397961930810326,0.792508633300378,0.0108942325211179,0.0289019605599146
6,3,Linear Elfouhaily,0.0212312412343249,0.0147369567449097,0.0359681979792347,0.833136596818191,0.00888453896546115,0.0270836590137735
6,3,Modified Lie Breaking,0.0232183074933639,0.0150181973176634,0.0382365048110273,0.804254730003049,0.0111528457972538,0.0270836590137735
6,4,Linear Elfouhaily,0.0220210422708179,0.0148054591825464,0.0368265014533643,0.819958751265148,0.00894295975268521,0.0278835417006791
6,4,Modified Lie Breaking,0.0240585313313874,0.0150816418006671,0.0391401731320546,0.791753067934658,0.0112566314313755,0.0278835417006791
6,5,Linear Elfouhaily,0.0218690742435749,0.0153843274748852,0.0372534017184601,0.838733632938059,0.00876068383660412,0.028492717881856
6,5,Modified Lie Breaking,0.0237258110386576,0.0156565335615001,0.0393823446001576,0.81233894210486,0.0108896267183017,0.028492717881856
6,6,Linear Elfouhaily,0.0217156922556323,0.0150254021662281,0.0367410944218604,0.831813976543891,0.00865253766776393,0.0280885567540964
6,6,Modified Lie Breaking,0.0235520745854022,0.0152917355029931,0.0388438100883953,0.805775029581053,0.0107552533342988,0.0280885567540964
6,7,Linear Elfouhaily,0.0215169559438082,0.0149171034989495,0.0364340594427576,0.832629581158794,0.00892563233301984,0.0275084271097378
6,7,Modified Lie Breaking,0.0234980478704956,0.0152111318662889,0.0387091797367845,0.804571923975233,0.0112007526270467,0.0275084271097378
6,8,Linear Elfouhaily,0.0223038128309847,0.0148691003477821,0.0371729131787668,0.816493610017773,0.00897775920046643,0.0281951539783003
6,8,Modified Lie Breaking,0.0243141148732278,0.0151475148676372,0.039461629740865,0.789298834679309,0.0112664757625647,0.0281951539783003
6,9,Linear Elfouhaily,0.0222623964784419,0.0148010447581534,0.0370634412365952,0.815380328172757,0.00897613152088289,0.0280873097157124
6,9,Modified Lie Breaking,0.0240984410626984,0.0150838939898837,0.0391823350525821,0.791156246475136,0.0110950253368698,0.0280873097157124
6,10,Linear Elfouhaily,0.0214753501332221,0.014968393095431,0.036443743228653,0.834867323746277,0.0089757963757751,0.0274679468528779
6,10,Modified Lie Breaking,0.0233891832900063,0.0152367039277054,0.0386258872177116,0.807119770775264,0.0111579403648337,0.0274679468528779
6,11,Linear Elfouhaily,0.0218521742862426,0.0152373813724841,0.0370895556587267,0.83504107948096,0.00884837906895397,0.0282411765897727
6,11,Modified Lie Breaking,0.0237804393820481,0.0155228224682597,0.0393032618503078,0.80793311295789,0.0110620852605351,0.0282411765897727
6,12,Linear Elfouhaily,0.0217793564416421,0.0148840344136567,0.0366633908552988,0.826680724523207,0.00871849784065048,0.0279448930146483
6,12,Modified Lie Breaking,0.0236228063581184,0.0151341048958185,0.0387569112539368,0.800410219343331,0.0108120182392886,0.0279448930146483
6,13,Linear Elfouhaily,0.0216387256962219,0.0153210168541551,0.036959742550377,0.841449301722925,0.00867167576107948,0.0282880667892975
6,13,Modified Lie Breaking,0.0234867634317304,0.0155689998847367,0.0390557633164672,0.814176890032148,0.0107676965271697,0.0282880667892975
6,14,Linear Elfouhaily,0.0222070877694161,0.0151881472622765,0.0373952350316927,0.827002067248873,0.00859868396543146,0.0287965510662612
6,14,Modified Lie Breaking,0.0239406537334794,0.0154452748999378,0.0393859286334172,0.803211316371717,0.010589377567156,0.0287965510662612
6,15,Linear Elfouhaily,0.0218789042656415,0.0147363894049151,0.0366152936705566,0.820696838767679,0.00865164793448951,0.0279636457360671
6,15,Modified Lie Breaking,0.023634880410043,0.0149928664800507,0.0386277468900937,0.796463049185459,0.0106641011540265,0.0279636457360671
6,16,Linear Elfouhaily,0.0221560712451696,0.0148370417337715,0.0369931129789411,0.81832775757453,0.00885938893425645,0.0281337240446847
6,16,Modified Lie Breaking,0.0239988209097312,0.0151305674883464,0.0391293883980775,0.794022220273274,0.0109956643533928,0.0281337240446847
6,17,Linear Elfouhaily,0.022462469213312,0.0152508432311068,0.0377133124444188,0.823982865916367,0.00867975090425758,0.0290335615401612
6,17,Modified Lie Breaking,0.0242112666909518,0.0155110745441816,0.0397223412351334,0.800409411760934,0.0106887796949722,0.0290335615401612
6,18,Linear Elfouhaily,0.0215171660826809,0.0147971419934828,0.0363143080761637,0.829270821430894,0.00877200800472614,0.0275423000714376
6,18,Modified Lie Breaking,0.0233863135293773,0.0150793873633022,0.0384657008926795,0.802991531088279,0.0109234008212419,0.0275423000714376
6,19,Linear Elfouhaily,0.0216591563270561,0.0152315217407213,0.0368906780677775,0.83859231747148,0.00887693454633858,0.0280137435214389
6,19,Modified Lie Breaking,0.0234851857083279,0.0154775574767864,0.0389627431851143,0.811809657292092,0.0109489996636754,0.0280137435214389
6,20,Linear Elfouhaily,0.0223274691179503,0.0154454277809533,0.0377728968989036,0.831725892811628,0.00900863578977932,0.0287642611091243
6,20,Modified Lie Breaking,0.0243574355029312,0.0157255435402891,0.0400829790432203,0.80350216647165,0.0113187179340959,0.0287642611091243
7,1,Linear Elfouhaily,0.0259295271717625,0.0182462993428108,0.0441758265145733,0.838861183904854,0.00890398119930489,0.0352718453152684
7,1,Modified Lie Breaking,0.0285084486411199,0.0186416481452414,0.0471500967863613,0.808640261930822,0.0118782514710928,0.0352718453152684
7,2,Linear Elfouhaily,0.0268560135502014,0.0180392162436124,0.0448952297938139,0.819573785194258,0.00894003335601515,0.0359551964377987
7,2,Modified Lie Breaking,0.0293515115692049,0.0183915354650625,0.0477430470342674,0.791578078425706,0.0117878505964687,0.0359551964377987
7,3,Linear Elfouhaily,0.0251241847543698,0.0176584853776863,0.0427826701320561,0.838360360697603,0.00899979271512682,0.0337828774169293
7,3,Modified Lie Breaking,0.0278640735323136,0.0180409237441226,0.0459049972764362,0.804650122328923,0.0121221198595069,0.0337828774169293
7,4,Linear Elfouhaily,0.0261342863710295,0.0178956399151271,0.0440299262861566,0.827500554497632,0.00905952721688849,0.0349703990692681
7,4,Modified Lie Breaking,0.0289397137930899,0.018270979357208,0.0472106931502978,0.794572989355528,0.0122402940810297,0.0349703990692681
7,5,Linear Elfouhaily,0.0258549729571876,0.0185806574389831,0.0444356303961707,0.847731838437498,0.00887485957973757,0.0355607708164331
7,5,Modified Lie Breaking,0.0284170057954766,0.0189513234660201,0.0473683292614967,0.816639935820646,0.0118075584450635,0.0355607708164331
7,6,Linear Elfouhaily,0.0257402885742076,0.0179854166362512,0.0437257052104588,0.835898499549232,0.00876539757121089,0.034960307639248
7,6,Modified Lie Breaking,0.028258675255241,0.0183462388218858,0.0466049140771268,0.805745005211014,0.0116446064378788,0.034960307639248
7,7,Linear Elfouhaily,0.0255862042739785,0.0178688076968011,0.0434550119707797,0.835689327875542,0.00904207796961693,0.0344129340011627
7,7,Modified Lie Breaking,0.0283236520145334,0.0182658851699764,0.0465895371845098,0.803055824873893,0.0121766031833471,0.0344129340011627
7,8,Linear Elfouhaily,0.0265658683988931,0.0177767947327726,0.0443426631316657,0.81802150382157,0.00909436669344247,0.0352482964382232
7,8,Modified Lie Breaking,0.0293486079193597,0.0181564711346506,0.0475050790540103,0.786542091332508,0.0122567826157871,0.0352482964382232
7,9,Linear Elfouhaily,0.0267540759870394,0.0180325631343268,0.0447866391213662,0.820982221646204,0.0090926456375782,0.035693993483788
7,9,Modified Lie Breaking,0.0293103239463875,0.0184183489954704,0.0477286729418579,0.792711282946374,0.0120346794580699,0.035693993483788
7,10,Linear Elfouhaily,0.0252307926959846,0.0180388253378904,0.043269618033875,0.845548803054536,0.00909260834840867,0.0341770096854663
7,10,Modified Lie Breaking,0.0278644704063804,0.018406799434251,0.0462712698406314,0.812762660822208,0.0120942601551651,0.0341770096854663
7,11,Linear Elfouhaily,0.0259467415559662,0.0182839362782359,0.0442306778342021,0.839447299858207,0.00896389531153183,0.0352667825226703
7,11,Modified Lie Breaking,0.028594645929393,0.018671040473087,0.04726568640248,0.808056817150241,0.0119989038798097,0.0352667825226703
7,12,Linear Elfouhaily,0.0258037633822334,0.0180607462963049,0.0438645096785384,0.836616297723546,0.00883217061283392,0.0350323390657045
7,12,Modified Lie Breaking,0.0283538455844841,0.0184041991793453,0.0467580447638294,0.805661253026327,0.0117257056981249,0.0350323390657045
7,13,Linear Elfouhaily,0.0255523272504327,0.018433969308168,0.0439862965586007,0.849364684463364,0.00878510530870766,0.035201191249893
7,13,Modified Lie Breaking,0.0280962741192584,0.0187735393718822,0.0468698134911406,0.817426500522217,0.0116686222412476,0.035201191249893
7,14,Linear Elfouhaily,0.026421441522833,0.0183699653090838,0.0447914068319168,0.833826923183213,0.00871101658054578,0.036080390251371
7,14,Modified Lie Breaking,0.0288334081284779,0.0187185290241136,0.0475519371525914,0.805726910535599,0.0114715469012204,0.036080390251371
7,15,Linear Elfouhaily,0.0259777463749509,0.0174682201133041,0.043445966488255,0.82001838914474,0.00876474790608735,0.0346812185821676
7,15,Modified Lie Breaking,0.0284073151043391,0.0178174267981231,0.0462247419024622,0.791967568342435,0.0115435233202946,0.0346812185821676
7,16,Linear Elfouhaily,0.0265662819579891,0.017881987940866,0.0444482698988551,0.820431846644185,0.00897448388872764,0.0354737860101274
7,16,Modified Lie Breaking,0.0291084035931348,0.0182792966459587,0.0473877002390935,0.792447585502924,0.0119139142289661,0.0354737860101274
7,17,Linear Elfouhaily,0.0267756837710445,0.0183074828858612,0.0450831666569058,0.826882942870257,0.00879324642772628,0.0362899202291795
7,17,Modified Lie Breaking,0.029189699894934,0.0186613410708702,0.0478510409658042,0.799570219683184,0.0115611207366247,0.0362899202291795
7,18,Linear Elfouhaily,0.02542422323795,0.0178830879887785,0.0433073112267285,0.838682169750248,0.0088862005559426,0.0344211106707859
7,18,Modified Lie Breaking,0.0280051554465435,0.0182653171926948,0.0462704726392383,0.807596848352798,0.0118493619684524,0.0344211106707859
7,19,Linear Elfouhaily,0.025628977973148,0.0183052964370291,0.0439342744101771,0.845128483830825,0.00899272676333636,0.0349415476468408
7,19,Modified Lie Breaking,0.0281654334097847,0.0186458730170296,0.0468113064268143,0.81364159379196,0.0118697587799735,0.0349415476468408
7,20,Linear Elfouhaily,0.0263597761272333,0.0184812550346499,0.0448410311618833,0.837326567900376,0.00912534863666449,0.0357156825252188
7,20,Modified Lie Breaking,0.0291673176759316,0.0188627431644346,0.0480300608403663,0.804181688456302,0.0123143783151475,0.0357156825252188
8,1,Linear Elfouhaily,0.0296688361852806,0.0210923508509333,0.050761187036214,0.843164354474317,0.0089740021296314,0.0417871849065826
8,1,Modified Lie Breaking,0.0330552864449851,0.0216035140780831,0.0546588005230683,0.808428727290186,0.0128716156164857,0.0417871849065826
8,2,Linear Elfouhaily,0.0307064362966566,0.0206712741067123,0.0513777104033689,0.820481729762535,0.00901081329702478,0.0423668971063441
8,2,Modified Lie Breaking,0.0339815259146328,0.0211308370048017,0.0551123629194345,0.78856393679849,0.0127454658130904,0.0423668971063441
8,3,Linear Elfouhaily,0.028678744065578,0.0203089543910806,0.0489876984566586,0.84151859694616,0.00907097456870329,0.0399167238879553
8,3,Modified Lie Breaking,0.0322746009227842,0.0208062083633846,0.0530808092861689,0.802908454986581,0.0131640853982135,0.0399167238879553
8,4,Linear Elfouhaily,0.0298755778847279,0.020654256948836,0.0505298348335639,0.831470088579742,0.00913126925998998,0.0413985655735739
8,4,Modified Lie Breaking,0.0335508961831484,0.0211416868002764,0.0546925829834248,0.793812173601306,0.0132940174098509,0.0413985655735739
8,5,Linear Elfouhaily,0.0293987609340644,0.0214492497669516,0.050848010701016,0.854164543600972,0.00894514043094491,0.0419028702700711
8,5,Modified Lie Breaking,0.03277559511792,0.0219315856838788,0.0547071808017988,0.818012091772474,0.0128043105317278,0.0419028702700711
8,6,Linear Elfouhaily,0.029373173878798,0.0205798133466496,0.0499529872254476,0.837038198621519,0.0088347559767664,0.0411182312486812
8,6,Modified Lie Breaking,0.032667276923627,0.0210471811711211,0.053714458094748,0.802676415646488,0.0125962268460669,0.0411182312486812
8,7,Linear Elfouhaily,0.0293498896480144,0.0204945699275695,0.0498444595755839,0.835634127298908,0.00911304871244651,0.0407314108631374
8,7,Modified Lie Breaking,0.0329400994160016,0.021009346098422,0.0539494455144236,0.798626680429998,0.0132180346512861,0.0407314108631374
8,8,Linear Elfouhaily,0.0303979596786216,0.0203683085748163,0.050766268253438,0.818568947490834,0.00916600789192315,0.0416002603615148
8,8,Modified Lie Breaking,0.0340489483710108,0.0208627448538233,0.0549116932248341,0.782769457743335,0.0133114328633193,0.0416002603615148
8,9,Linear Elfouhaily,0.0308703454522843,0.0209350307424895,0.0518053761947738,0.823504651829015,0.00916462302507769,0.0426407531696961
8,9,Modified Lie Breaking,0.0342604509949012,0.0214392827067424,0.0556997337016435,0.791058475068198,0.0130589805319474,0.0426407531696961
8,10,Linear Elfouhaily,0.0286400823618435,0.0208064898188802,0.0494465721807236,0.852338837477845,0.00916466682564552,0.0402819053550781
8,10,Modified Lie Breaking,0.0320924830713538,0.0212881065457366,0.0533805896170905,0.814454556251882,0.0130986842620124,0.0402819053550781
8,11,Linear Elfouhaily,0.0296951941428723,0.0209958626823019,0.0506910568251741,0.840860162518811,0.00903473559293318,0.041656321232241
8,11,Modified Lie Breaking,0.0331499058229578,0.0214971710818677,0.0546470769048255,0.805284809591734,0.0129907556725845,0.041656321232241
8,12,Linear Elfouhaily,0.0293620224753632,0.0209204721404467,0.0502824946158099,0.844097778756937,0.0089019309712635,0.0413805636445464
8,12,Modified Lie Breaking,0.0327117315979923,0.0213676343617044,0.0540793659596966,0.808214159311446,0.0126988023151502,0.0413805636445464
8,13,Linear Elfouhaily,0.0290941808893252,0.0211873053944053,0.0502814862837306,0.85336493958693,0.00885465085742863,0.0414268354263019
8,13,Modified Lie Breaking,0.0324291262554336,0.021631106440865,0.0540602326962986,0.816717278076677,0.0126333972699967,0.0414268354263019
8,14,Linear Elfouhaily,0.0302160609997196,0.0211970777382756,0.0514131387379952,0.837566062935299,0.00878016626842623,0.042632972469569
8,14,Modified Lie Breaking,0.033390046373174,0.0216489979574002,0.0550390443305742,0.805212278306079,0.0124060718610052,0.042632972469569
8,15,Linear Elfouhaily,0.0297264204474717,0.0198984874204784,0.0496249078679502,0.818160906957053,0.0088337754304444,0.0407911324375058
8,15,Modified Lie Breaking,0.0329309665033276,0.0203533208564128,0.0532842873597404,0.786168069691986,0.0124931549222346,0.0407911324375058
8,16,Linear Elfouhaily,0.0307542796827679,0.0205917488518916,0.0513460285346595,0.818264738592944,0.0090454604473269,0.0423005680873326
8,16,Modified Lie Breaking,0.0340923328485508,0.0211057617740325,0.0551980946225833,0.78681413976556,0.0128975265352507,0.0423005680873326
8,17,Linear Elfouhaily,0.0308309092531732,0.0210382350360132,0.0518691442891864,0.826059794325267,0.00886272232507542,0.043006421964111
8,17,Modified Lie Breaking,0.0340120296690166,0.0214981962644644,0.055510225933481,0.795032233833201,0.0125038039693701,0.043006421964111
8,18,Linear Elfouhaily,0.0290098500622171,0.0206883666118839,0.049698216674101,0.844481927344164,0.00895648385400614,0.0407417328200948
8,18,Modified Lie Breaking,0.0323913446280504,0.0211839550387753,0.0535752996668257,0.808702963526438,0.0128335668467309,0.0407417328200948
8,19,Linear Elfouhaily,0.0292709936119377,0.0210501935706386,0.0503211871825762,0.848026286569833,0.00906375740565321,0.041257429776923
8,19,Modified Lie Breaking,0.0326137018206404,0.0214985124372328,0.0541122142578732,0.811903020551303,0.0128547844809502,0.041257429776923
8,20,Linear Elfouhaily,0.0300827384047594,0.021161715493162,0.0512444538979215,0.838719522568637,0.00919718099885598,0.0420472728990655
8,20,Modified Lie Breaking,0.0337844593941164,0.021658629372126,0.0554430887662425,0.800676344725322,0.013395815867177,0.0420472728990655
9,1,Linear Elfouhaily,0.0330225066127995,0.0235961143570009,0.0566186209698004,0.845308484789291,0.00901452037255674,0.0476041005972437
9,1,Modified Lie Breaking,0.0373177515428571,0.024235888500201,0.0615536400430581,0.805882524922205,0.0139495394458145,0.0476041005972437
9,2,Linear Elfouhaily,0.0341060862062272,0.0229743566976298,0.057080442903857,0.820740259176352,0.00905085530095495,0.048029587602902
9,2,Modified Lie Breaking,0.038259355441252,0.0235532002738932,0.0618125557151452,0.784614153257166,0.0137829681122432,0.048029587602902
9,3,Linear Elfouhaily,0.0318735698072274,0.0226407363397615,0.0545143061469889,0.842810466407242,0.00911114210595987,0.045403164041029
9,3,Modified Lie Breaking,0.0364351694857673,0.0232661718863265,0.0597013413720938,0.799101726699489,0.0142981773310648,0.045403164041029
9,4,Linear Elfouhaily,0.03321340165911,0.0230564724120519,0.0562698740711619,0.833181756911321,0.00917199734338813,0.0470978767277738
9,4,Modified Lie Breaking,0.0378724110775362,0.0236693704682148,0.0615417815457511,0.790554611422336,0.0144439048179773,0.0470978767277738
9,5,Linear Elfouhaily,0.0324523758831395,0.023918777572333,0.0563711534554724,0.858511745657779,0.00898502877877754,0.0473861246766949
9,5,Modified Lie Breaking,0.036734578029425,0.0245260429178624,0.0612606209472874,0.817101888438141,0.0138744962705925,0.0473861246766949
9,6,Linear Elfouhaily,0.0325881277742472,0.0227991862052375,0.0553873139794848,0.83643070568021,0.00887423082136768,0.0465130831581171
9,6,Modified Lie Breaking,0.0367543316744932,0.0233858607783308,0.0601401924528241,0.797668450080568,0.013627109294707,0.0465130831581171
9,7,Linear Elfouhaily,0.0327113430408519,0.0227727515117493,0.0554840945526012,0.834369779817736,0.00915402226617967,0.0463300722864215
9,7,Modified Lie Breaking,0.0372743748129647,0.0234174984822381,0.0606918732952027,0.792620072657936,0.0143618010087812,0.0463300722864215
9,8,Linear Elfouhaily,0.0336840881710712,0.022629240518554,0.0563133286896251,0.819638955994858,0.00920680267223059,0.0471065260173946
9,8,Modified Lie Breaking,0.0383302593231681,0.0232524552742628,0.0615827145974309,0.778867406386343,0.0144761885800364,0.0471065260173946
9,9,Linear Elfouhaily,0.034478189151689,0.0234278636876927,0.0579060528393817,0.82431674152684,0.00920522251239383,0.0487008303269879
9,9,Modified Lie Breaking,0.0388001625301399,0.0240630243580264,0.0628631868881663,0.787514090208384,0.0141623565611784,0.0487008303269879
9,10,Linear Elfouhaily,0.0317213104644434,0.0232250662550635,0.0549463767195069,0.855663330249728,0.00920541227846284,0.0457409644410441
9,10,Modified Lie Breaking,0.0360953378873255,0.0238340361984978,0.0599293740858234,0.812593308143253,0.0141884096447793,0.0457409644410441
9,11,Linear Elfouhaily,0.033042747498958,0.0233702941760282,0.0564130416749862,0.840996161814964,0.00907520172517852,0.0473378399498077
9,11,Modified Lie Breaking,0.0374173214622599,0.0240001941742667,0.0614175156365266,0.80088660518309,0.0140796756867189,0.0473378399498077
9,12,Linear Elfouhaily,0.0324282987857692,0.0233936314824452,0.0558219302682144,0.849350094015418,0.00894173092436736,0.0468801993438471
9,12,Modified Lie Breaking,0.0366869004450733,0.023959870581927,0.0606467710270003,0.80814022339222,0.0137665716831532,0.0468801993438471
9,13,Linear Elfouhaily,0.0322196587984245,0.0235594074411533,0.0557790662395778,0.855109463916479,0.00889439172533051,0.0468846745142473
9,13,Modified Lie Breaking,0.0364465715978151,0.024120059408231,0.0605666310060461,0.813506159508531,0.0136819564917988,0.0468846745142473
9,14,Linear Elfouhaily,0.0335809896316195,0.0236423397672002,0.0572233293988197,0.839070556789992,0.00881940852976643,0.0484039208690533
9,14,Modified Lie Breaking,0.0376330538544416,0.0242099011120192,0.0618429549664609,0.802069084242245,0.0134390340974076,0.0484039208690533
9,15,Linear Elfouhaily,0.0330431135782255,0.022035057431927,0.0550781710101525,0.816613606317902,0.00887353168945586,0.0462046393206967
9,15,Modified Lie Breaking,0.0371144103653642,0.0226075659466742,0.0597219763120384,0.780468933189781,0.0135173369913417,0.0462046393206967
9,16,Linear Elfouhaily,0.0345459075198219,0.022938163279123,0.0574840707989449,0.814856279855583,0.00908561709805054,0.0483984537008944
9,16,Modified Lie Breaking,0.038781709771859,0.0235832991852968,0.0623650089571558,0.779810007586285,0.0139665552562614,0.0483984537008944
9,17,Linear Elfouhaily,0.0344626732526829,0.0234074796891281,0.057870152941811,0.824143516484262,0.00890253193875167,0.0489676210030593
9,17,Modified Lie Breaking,0.0384985417483309,0.0239862292350484,0.0624847709833794,0.789330437741212,0.01351714998032,0.0489676210030593
9,18,Linear Elfouhaily,0.0322708469401001,0.0231414943656141,0.0554123413057142,0.846818853067809,0.00899638149275927,0.046415959812955
9,18,Modified Lie Breaking,0.0365684674806268,0.0237633751838344,0.0603318426644612,0.806121830355425,0.0139158828515063,0.046415959812955
9,19,Linear Elfouhaily,0.0325682697792536,0.0234345931015456,0.0560028628807992,0.848264642733272,0.00910431162885723,0.046898551251942
9,19,Modified Lie Breaking,0.0368280111092865,0.024004212474415,0.0608322235837015,0.807336520170506,0.0139336723317595,0.046898551251942
9,20,Linear Elfouhaily,0.0334210901620702,0.0234983707355812,0.0569194608976514,0.838510624322811,0.00923796116624777,0.0476814997314036
9,20,Modified Lie Breaking,0.0381235026878037,0.0241241042810642,0.062247606968868,0.795479882180509,0.0145661072374644,0.0476814997314036
10,1,Linear Elfouhaily,0.0360382017887874,0.0258001885852268,0.0618383903740141,0.846115953740942,0.0090356106327653,0.0528027797412488
10,1,Modified Lie Breaking,0.0413359721588909,0.0265813465479395,0.0679173187068304,0.801907750032353,0.0151145389655816,0.0528027797412488
10,2,Linear Elfouhaily,0.0371377270049408,0.0250116310954598,0.0621493581004006,0.820660154285113,0.00907199990541461,0.053077358194986
10,2,Modified Lie Breaking,0.0422590312191386,0.0257221052335694,0.0679811364527081,0.780177618028269,0.0149037782577221,0.053077358194986
10,3,Linear Elfouhaily,0.034778330015362,0.0247068646610834,0.0594851946764454,0.842858082936571,0.00913238724393887,0.0503528074325065
10,3,Modified Lie Breaking,0.0404038558024597,0.0254733049183148,0.0658771607207745,0.794019632794379,0.0155243532882681,0.0503528074325065
10,4,Linear Elfouhaily,0.0362181252166022,0.0251593188941746,0.0613774441107768,0.833463253442629,0.00919345581669134,0.0521839882940855
10,4,Modified Lie Breaking,0.0419586074945794,0.025909962722441,0.0678685702170204,0.785819607163089,0.0156845819229349,0.0521839882940855
10,5,Linear Elfouhaily,0.0351530748255404,0.0260451762804709,0.0611982511060113,0.860759830388568,0.00900604857623996,0.0521922025297713
10,5,Modified Lie Breaking,0.0404412884746396,0.026789840287146,0.0672311287617856,0.813902851968497,0.0150389262320143,0.0521922025297713
10,6,Linear Elfouhaily,0.0354962767636815,0.0247508777134828,0.0602471544771643,0.835033504518902,0.00889499559261861,0.0513521588845457
10,6,Modified Lie Breaking,0.0406227077185467,0.0254683452778503,0.0660910529963969,0.791800789557916,0.0147388941118512,0.0513521588845457
10,7,Linear Elfouhaily,0.0357525374534779,0.0247780223074358,0.0605305597609137,0.832491647111264,0.00917538083993434,0.0513551789209794
10,7,Modified Lie Breaking,0.0413823779015656,0.0255661664944062,0.0669485443959718,0.786004595560635,0.0155933654749924,0.0513551789209794
10,8,Linear Elfouhaily,0.0365669452039583,0.0246356911684378,0.0612026363723961,0.820801299025387,0.00922825511362724,0.0519743812587689
10,8,Modified Lie Breaking,0.0423026991857542,0.02540048450664,0.0677031836923942,0.774884476884928,0.0157288024336253,0.0519743812587689
10,9,Linear Elfouhaily,0.0376640345138906,0.0255933797089018,0.0632574142227924,0.824328661741492,0.0092267016909808,0.0540307125318116
10,9,Modified Lie Breaking,0.0430226681521772,0.0263735789305573,0.0693962470827345,0.782953308673827,0.0153655345509229,0.0540307125318116
10,10,Linear Elfouhaily,0.0345590812339241,0.0253432850655506,0.0599023662994747,0.856348142967045,0.00922693467228898,0.0506754316271858
10,10,Modified Lie Breaking,0.039948532475386,0.0260926830671611,0.0660412155425471,0.808181592622944,0.0153657839153613,0.0506754316271858
10,11,Linear Elfouhaily,0.0360724791192142,0.0255086910905997,0.0615811702098139,0.840922730730577,0.00909643834356342,0.0524847318662505
10,11,Modified Lie Breaking,0.0414528358294636,0.0262793329346352,0.0677321687640988,0.796214432136271,0.0152474368978483,0.0524847318662505
10,12,Linear Elfouhaily,0.0351431439948912,0.0255350174184865,0.0606781614133777,0.852408502926912,0.00896263471445439,0.0517155266989233
10,12,Modified Lie Breaking,0.0404005392408014,0.0262308715458922,0.0666314107866936,0.805773127186546,0.0149158840877703,0.0517155266989233
10,13,Linear Elfouhaily,0.0350318273889557,0.0256280012212474,0.0606598286102031,0.855314770291556,0.00891524272383588,0.0517445858863672
10,13,Modified Lie Breaking,0.0402408693397384,0.0263174387648578,0.0665583081045962,0.80870128530385,0.0148137222182289,0.0517445858863672
10,14,Linear Elfouhaily,0.0366598945204557,0.0257880239580931,0.0624479184785488,0.838713101142491,0.00884008875910973,0.053607829719439
10,14,Modified Lie Breaking,0.0416729023691262,0.0264825289719056,0.0681554313410317,0.797173500906982,0.0145476016215927,0.053607829719439
10,15,Linear Elfouhaily,0.0359958047370099,0.0239510429308126,0.0599468476678225,0.81571090999905,0.00889428705674191,0.0510525606110806
10,15,Modified Lie Breaking,0.0410280387775911,0.0246532771714386,0.0656813159490297,0.775169989100636,0.0146287553379491,0.0510525606110806
10,16,Linear Elfouhaily,0.0379443916009724,0.0250133245867285,0.0629577161877009,0.81191751918845,0.00910682116261231,0.0538508950250886
10,16,Modified Lie Breaking,0.0431696337026063,0.0258019854949998,0.0689716191976061,0.773103040962275,0.0151207241725175,0.0538508950250886
10,17,Linear Elfouhaily,0.0376990843274461,0.0255188752593,0.0632179595867461,0.822745212081578,0.0089233828284874,0.0542945767582587
10,17,Modified Lie Breaking,0.0426834565041578,0.0262281742807944,0.0689116307849522,0.783888403511823,0.0146170540266935,0.0542945767582587
10,18,Linear Elfouhaily,0.0353397240280445,0.0252930121269256,0.0606327361549701,0.845996758984741,0.009017403517067,0.0516153326379031
10,18,Modified Lie Breaking,0.0406400446425392,0.0260537102553431,0.0666937548978823,0.800677641699634,0.0150784222599791,0.0516153326379031
10,19,Linear Elfouhaily,0.0356256401353621,0.0255351488425832,0.0611607889779454,0.846618703165727,0.00912560144864761,0.0520351875292977
10,19,Modified Lie Breaking,0.0408947796938315,0.0262385630726301,0.0671333427664616,0.801006586809258,0.0150981552371638,0.0520351875292977
10,20,Linear Elfouhaily,0.0364511314729646,0.0255743418737108,0.0620254733466754,0.83761939795793,0.00925944767940804,0.0527660256672673
10,20,Modified Lie Breaking,0.0422626659422407,0.0263420522472392,0.06860471818948,0.789489500933965,0.0158386925222126,0.0527660256672673
