group,pairIndex,randomSeed,amplitudeCurl,curlMultiplier,pivotDepth,forwardGain,verticalAngleRatio,propagationDirectionDeg,frontFaceAngleDeg,epsilonFront,epsilonRear,asymmetry,angleInReference,frontSteeper,valid,errorMessage
G0 No-breaking,1,221800141,0.228275405441058,0,0.914364527102769,0.982274146084917,1.62773491213715,0,7.16148584378041,0.0848067503462433,0.0415925788789351,2.03898754614599,0,1,1,
G0 No-breaking,2,1170758373,0.192541396834867,0,0.914589991083675,1.07139501237365,1.55811445477559,180,0.880755319067818,0.0856936526363461,0.0398031987312249,2.15293381858582,0,1,1,
G0 No-breaking,3,50755713,0.202304065774201,0,0.913456211845414,1.03908409547442,1.61095964880338,180,5.92090135379727,0.0442783194069993,0.0190148474811728,2.32861817329014,0,1,1,
G0 No-breaking,4,551365953,0.215043186454276,0,0.924137064914252,1.05254641338916,1.57729085146333,180,7.41134580500712,0.0830579743955758,0.0344915976302943,2.40806399534898,0,1,1,
G0 No-breaking,5,1209907700,0.222421583503325,0,0.960592281377252,1.00074877686486,1.55443192489184,0,6.67691349063383,0.0662619190247336,0.0264153064611614,2.50846679072828,0,1,1,
G0 No-breaking,6,434808538,0.201740422037114,0,0.934512978250427,1.06760995126085,1.61078178009889,0,5.39245910109783,0.0462123341514217,0.0205573767277246,2.24796844283627,0,1,1,
G0 No-breaking,7,398873430,0.191609366467046,0,0.87729119129205,1.05981323833941,1.62079488135276,180,5.84133580981838,0.0492544393414735,0.0494829872915187,0.995381282283975,0,0,1,
G0 No-breaking,8,425524439,0.228601038722349,0,0.906885191828185,1.07563378712442,1.55636386997965,0,5.26470968563822,0.0860633451120246,0.0418375245464077,2.05708502224026,0,1,1,
G0 No-breaking,9,1835150068,0.218440253684498,0,0.86541952570661,1.11828572608649,1.55552411672583,0,3.60934217334751,0.0995683079083477,0.0370629690800918,2.68646334548061,0,1,1,
G0 No-breaking,10,441952633,0.205149961714448,0,0.96011293049403,1.03862566738452,1.55470095242929,180,1.71023370768458,0.067917358302725,0.0378765260851558,1.79312532912944,0,1,1,
G0 No-breaking,11,621278452,0.216040562425886,0,0.962091491747244,1.05117927324001,1.60675015805511,180,9.32485010441756,0.115077102564637,0.0450839492582423,2.55250714407186,0,1,1,
G0 No-breaking,12,1470361970,0.213090320307543,0,0.970062782194781,1.07182023694937,1.57574124781765,180,3.68587135624627,0.0704689071313402,0.038414987075647,1.83441184016468,0,1,1,
G0 No-breaking,13,279192926,0.210561099989333,0,0.92300283017373,1.09251120332134,1.5843235531017,180,6.20334206774626,0.0769294086218485,0.0347994644662199,2.21064920974645,0,1,1,
G0 No-breaking,14,1014352153,0.193692709803021,0,0.919259466893191,1.07887853208941,1.60098166718349,180,8.22875904286784,0.0735691823528171,0.037066904946806,1.9847673405264,0,1,1,
G0 No-breaking,15,1940968812,0.195333510129401,0,0.890387320027896,1.07807380665314,1.63499185768857,180,2.24582558174301,0.0742755346492719,0.0325555301291681,2.28150284620077,0,1,1,
G0 No-breaking,16,757520650,0.214103578824968,0,0.976755077369218,1.10508765639587,1.63467086835198,0,7.38600463145566,0.0684694937273539,0.0369615635565394,1.85245122605859,0,1,1,
G0 No-breaking,17,745191514,0.224951358076611,0,0.930010182501839,1.10349354067569,1.62664742728269,0,5.50952216469621,0.0834883322955742,0.0310757669294761,2.68660569134285,0,1,1,
G0 No-breaking,18,65502429,0.199273880884974,0,0.890830487270882,1.05772851817449,1.62407176742362,180,5.32864109589802,0.0768594764655847,0.0343380903409243,2.23831540142415,0,1,1,
G0 No-breaking,19,1641268602,0.20166379652561,0,0.890657076733352,1.09712411350985,1.62349975254889,180,2.76858044980909,0.058967621788233,0.0255267040279271,2.31003664725851,0,1,1,
G0 No-breaking,20,1007655820,0.202094712157387,0,0.9472442757921,1.01655814365024,1.56587505756615,0,6.48966835308575,0.0634178422481626,0.0354413088583744,1.78937641670019,0,1,1,
G0 No-breaking,21,1664843059,0.191339040411921,0,0.966617562009136,1.0305877226753,1.62854457883628,180,1.63890367236707,0.0785784304567073,0.0335930483549267,2.33912771554663,0,1,1,
G0 No-breaking,22,247882559,0.190305250372949,0,0.90850479755315,1.08646108668128,1.61250115399401,180,5.19410681402561,0.0929400808641891,0.0504225770147559,1.84322353926874,0,1,1,
G0 No-breaking,23,1331747554,0.20980130096097,0,0.864832466356993,1.09669190375448,1.55266918606225,180,4.89357301474485,0.0963922761019839,0.0416914710421766,2.31203825848385,0,1,1,
G0 No-breaking,24,1394189554,0.205481573490783,0,0.960596369172767,0.998330212577564,1.55100230019014,0,6.88747555520546,0.0938116629510626,0.0433236382351684,2.16536899421596,0,1,1,
G0 No-breaking,25,884821581,0.215678384549952,0,0.925646594904416,1.0404748651026,1.55766036712664,0,7.69449140506757,0.0606850746089652,0.0236111969396276,2.57018205235988,0,1,1,
G0 No-breaking,26,549602779,0.223143309845425,0,0.943980966000432,1.01936617961709,1.58135387379069,180,9.61521184984732,0.0388250926148751,0.0202387132796184,1.91835775715912,0,1,1,
G0 No-breaking,27,12060526,0.200636401368946,0,0.857119425541768,1.02721335963846,1.5512763333332,0,7.31184512329022,0.0811347513986082,0.0416512243184038,1.94795597791728,0,1,1,
G0 No-breaking,28,425148108,0.191339708117268,0,0.867686288472515,1.0842747279819,1.54334493575026,180,4.97428448971634,0.050013577575059,0.0269872990783125,1.85322649109599,0,1,1,
G0 No-breaking,29,1999752097,0.211504545122745,0,0.927896047777038,1.05930618447218,1.62998126159861,0,6.37008238947812,0.0610030679508709,0.0286204194975491,2.13145261396657,0,1,1,
G0 No-breaking,30,1016806304,0.220449335236376,0,0.868947493304894,1.06060986864052,1.63722135236848,180,7.81552054246686,0.118064234628516,0.0601579892033042,1.96256949728685,0,1,1,
G0 No-breaking,31,1448454965,0.214614912902508,0,0.892298439831718,0.994561524428422,1.55085453829586,0,8.32992096454509,0.0732769005508677,0.0401357895061679,1.82572465753057,0,1,1,
G0 No-breaking,32,1290314117,0.214191404210048,0,0.972243494704367,1.053340316056,1.57678093978566,0,8.122363126205,0.0516287825739312,0.0208624410852905,2.47472394830791,0,1,1,
G0 No-breaking,33,1359170167,0.214998528265611,0,0.853399211357023,1.04541178555059,1.55452954340888,0,2.89124984753754,0.101432094760288,0.0704143260968777,1.44050366427898,0,1,1,
G0 No-breaking,34,1166819772,0.210179226778422,0,0.860178896876771,1.07157795104856,1.63469165580612,180,4.9006211332646,0.16345078079318,0.0621033404960319,2.63191608515203,0,1,1,
G0 No-breaking,35,351892640,0.200840888535405,0,0.90163867452181,1.01152928239447,1.63778427612858,180,8.56145143345164,0.104146913508763,0.0388094400485663,2.68354589446365,0,1,1,
G0 No-breaking,36,155695166,0.199067371915953,0,0.966831422856325,1.06367152348946,1.56330144270923,180,4.5220558818488,0.0592459567941715,0.0263066223748941,2.25213088741918,0,1,1,
G0 No-breaking,37,615352048,0.200817297499733,0,0.95995343345073,1.02891336859708,1.61417322487589,0,8.89189649891179,0.0558556772618876,0.0299207421466962,1.86678782859185,0,1,1,
G0 No-breaking,38,300732193,0.213935481585955,0,0.914498401755795,1.09408581216868,1.59264437393863,0,4.39494815763317,0.066156785202216,0.0348640334202974,1.89756544817045,0,1,1,
G0 No-breaking,39,366825561,0.205525855321093,0,0.910568558332865,1.00342794806216,1.61398512462029,0,8.07750499916204,0.0640015795402135,0.0353907287323703,1.80842785194401,0,1,1,
G0 No-breaking,40,1443220870,0.190801999205832,0,0.977160701555913,1.07142146605639,1.62622735758226,180,10.4853721755855,0.115678632423361,0.0640026138475747,1.80740481472921,0,1,1,
G0 No-breaking,41,1612868000,0.215790197247544,0,0.974798570407191,1.05853556039227,1.61296792740414,180,9.0066602819607,0.110228099593017,0.0493150077439877,2.23518366184289,0,1,1,
G0 No-breaking,42,705878461,0.20834403379037,0,0.906097633686017,1.03830819253135,1.57464498454775,0,5.09776609954301,0.0589592950090064,0.0289360411987887,2.03757295629903,0,1,1,
G0 No-breaking,43,1945964322,0.210331888143513,0,0.865782589261519,1.11259540302975,1.62052415729785,180,5.14767960715811,0.0782473584561255,0.0362871259121956,2.15633937626975,0,1,1,
G0 No-breaking,44,718062189,0.214526889983295,0,0.860594455036888,1.02786566882245,1.57920526276008,0,8.24560195163299,0.0605904405032156,0.0262791980430271,2.30564267615817,0,1,1,
G0 No-breaking,45,6601311,0.205306844717674,0,0.900088030202583,1.10171903870697,1.59562869669795,0,6.16843767201792,0.113293068869609,0.0444364852104591,2.54955063014172,0,1,1,
G0 No-breaking,46,211273431,0.218668407188498,0,0.94114788689878,1.10766367099973,1.61839626699574,0,11.2519350293838,0.142093563332209,0.0596465825153485,2.38225825085024,0,1,1,
G0 No-breaking,47,1413038097,0.222547857165426,0,0.871016445372851,1.06703363694285,1.55325657290032,180,5.5123771476593,0.088145004119885,0.0463768955888118,1.90062320905217,0,1,1,
G0 No-breaking,48,578508621,0.215595603733557,0,0.854970867864805,1.09595552372371,1.63906740548777,0,7.8651810689657,0.0980680213490091,0.0426200668309743,2.30098234566206,0,1,1,
G0 No-breaking,49,1488571601,0.220997837948912,0,0.903424215185764,1.05809259479638,1.6129070818359,180,6.59905179577995,0.0861967121131631,0.0440133486098778,1.95842204321209,0,1,1,
G0 No-breaking,50,454501701,0.222432683437586,0,0.92909233938498,1.04215984615001,1.62392303998079,0,4.05951754198203,0.0827602924490533,0.0397922742401093,2.0798080539371,0,1,1,
G0 No-breaking,51,690160693,0.205527907374058,0,0.914560962537161,1.0165643836397,1.55526635875447,180,2.92392884693647,0.0688487356327607,0.0395617701994906,1.7402845040955,0,1,1,
G0 No-breaking,52,2094925958,0.190614495958431,0,0.937491110941999,1.03048244028221,1.57275347970744,0,3.86720829651076,0.0538448359820794,0.0274598417469018,1.96085747610525,0,1,1,
G0 No-breaking,53,1058717077,0.226566087902187,0,0.913274978066919,1.10087535155991,1.59385079903014,180,4.00666264398953,0.0781077571137789,0.0424163490271622,1.84145403612557,0,1,1,
G0 No-breaking,54,1822166926,0.21920457491044,0,0.976740990744905,1.08618208545103,1.57789178922442,0,7.97112884218271,0.0931615583239344,0.0368949161582176,2.52505136275217,0,1,1,
G0 No-breaking,55,662908828,0.215217806696793,0,0.92306313895919,1.02601556686221,1.61436260489499,180,10.6172915911025,0.105066782270154,0.0483743778982741,2.17195107895956,0,1,1,
G0 No-breaking,56,1733745105,0.214468441633521,0,0.960451381546268,0.995839558317339,1.56873672780057,0,5.50232408513382,0.0931566600033381,0.0406017619435221,2.29439944337689,0,1,1,
G0 No-breaking,57,767710335,0.220767241112951,0,0.929179039702365,1.08450554512026,1.57870520474828,0,6.30669220649331,0.0761243653663043,0.0372091389571907,2.04585130158174,0,1,1,
G0 No-breaking,58,585464374,0.22639755329265,0,0.942876198763744,0.992778929333256,1.60217239662225,0,4.21146671629223,0.0955164560157081,0.0491425673306178,1.94366027670267,0,1,1,
G0 No-breaking,59,1422132667,0.211478934536772,0,0.896110870364401,1.06102716474245,1.62874534670561,0,2.05570549465389,0.0636298476710987,0.0291527925675277,2.18263301958845,0,1,1,
G0 No-breaking,60,1541811578,0.201207690799163,0,0.975832207584708,1.11384834476907,1.61709124302504,0,4.22125784337163,0.0729576464034101,0.0358223179784515,2.03665341944921,0,1,1,
G0 No-breaking,61,633047925,0.22069824910961,0,0.960081462617138,1.08956331487563,1.61113090014171,180,6.91208454837056,0.0782148845422985,0.0402125729710415,1.94503556384278,0,1,1,
G0 No-breaking,62,1453551607,0.219623081824373,0,0.956636143369315,0.987402213218146,1.57259007180703,0,7.03485829821564,0.106219157781944,0.0544744089080805,1.94989096552066,0,1,1,
G0 No-breaking,63,2112068487,0.194621800091758,0,0.92428738645518,1.01643902133604,1.56267716704621,180,11.8181317236921,0.137584120489269,0.0555617686719386,2.47623723610433,0,1,1,
G0 No-breaking,64,60104149,0.227739835493507,0,0.887155065186889,0.991164639119065,1.55176954817051,180,4.71943508231245,0.0419350708574881,0.0241417079308274,1.73703828153516,0,1,1,
G0 No-breaking,65,1581634654,0.208973038075629,0,0.859619868901557,1.11423110778709,1.62472868631945,0,3.09245399124151,0.113505713255508,0.0540578969053148,2.09970642132674,0,1,1,
G0 No-breaking,66,1624901972,0.196534303723456,0,0.866694886464177,1.08692219285798,1.60313032761699,180,6.22963394430358,0.0582946856472114,0.029801006970285,1.95613140540311,0,1,1,
G0 No-breaking,67,1213672979,0.216971313981343,0,0.949387078714292,1.06575706086509,1.60828224678847,0,11.5215658949446,0.112964059404647,0.0402376793249856,2.80741984378065,0,1,1,
G0 No-breaking,68,1641739556,0.212692338239258,0,0.949038445311135,0.981381461741604,1.55100550015866,180,10.6468058835947,0.132726559230709,0.0537273307864305,2.47037322137415,0,1,1,
G0 No-breaking,69,1024913093,0.213659533894174,0,0.905479044189744,1.11079161040171,1.57815602326801,0,6.52577930093202,0.0747935498103899,0.0299881099325183,2.49410683029695,0,1,1,
G0 No-breaking,70,1141331834,0.201845253152221,0,0.934103115463388,1.10869155279505,1.63244359396946,180,0.362841630702785,0.0694179427327509,0.0335611447957373,2.06840211069224,0,1,1,
G0 No-breaking,71,930813870,0.190464583242556,0,0.927929317931997,1.02262554113991,1.61691559118018,0,1.37191220342945,0.0641600646691401,0.0297841573725463,2.15416752828065,0,1,1,
G0 No-breaking,72,1749452000,0.203829809723979,0,0.919262765701242,1.09442974641435,1.60221052903948,0,5.34707203099515,0.0720310427437691,0.0329670149048551,2.18494282699405,0,1,1,
G0 No-breaking,73,987541412,0.193188028250307,0,0.958692388808316,1.01899210554037,1.55032121223013,0,6.13508024279358,0.0963982018010369,0.0535412648396267,1.80044685327813,0,1,1,
G0 No-breaking,74,1006158563,0.201281423836343,0,0.872793206412086,1.02401886846405,1.60885745439561,180,10.6660910614168,0.128565396988551,0.0487729731949377,2.63599671225078,0,1,1,
G0 No-breaking,75,69692183,0.227965291648214,0,0.887162789748015,1.10136376871464,1.55217966192806,0,3.04094879796798,0.107101144127407,0.054019329649682,1.98264482032567,0,1,1,
G0 No-breaking,76,294551016,0.203398151725356,0,0.886307574493301,1.10904301348213,1.60235549541375,180,3.89341063775764,0.0805900201081095,0.0357649204279734,2.25332586075255,0,1,1,
G0 No-breaking,77,441991233,0.195500593792718,0,0.960615630585065,1.05635675863074,1.62118582962685,180,5.46329335200478,0.0464822078916079,0.0261261794918074,1.77914294381174,0,1,1,
G0 No-breaking,78,502807380,0.212765701163126,0,0.974378921607993,1.11353286255528,1.55562017797446,180,0.127837235402547,0.0569146778781547,0.0282277001466219,2.01627045712281,0,1,1,
G0 No-breaking,79,755445638,0.202686851521757,0,0.957384104597033,1.08854493482041,1.63676869912204,0,2.87267846899895,0.056485712084338,0.0285483028885522,1.97860140075047,0,1,1,
G0 No-breaking,80,1432013133,0.228435290615549,0,0.861389556559016,1.05182464220183,1.56021593640628,180,3.85471923899923,0.075836334775815,0.0362912745516972,2.08965751995801,0,1,1,
G0 No-breaking,81,1391544612,0.200327815684885,0,0.863109736933326,1.06102160338247,1.59845713112723,180,7.01602724387391,0.0578965689183203,0.0283769276439236,2.04026911034246,0,1,1,
G0 No-breaking,82,82183473,0.205815442985798,0,0.956614902482431,1.07781888225479,1.58134055228483,180,1.1778695183031,0.0684550798904901,0.0371185563371731,1.84422797235609,0,1,1,
G0 No-breaking,83,620232074,0.192459340945961,0,0.867371247178635,1.08080385455267,1.54375503623379,0,1.3657387734778,0.0764387685467921,0.0407335873220586,1.87655381153719,0,1,1,
G0 No-breaking,84,1069932597,0.213941304842437,0,0.921600749410874,1.08266142851297,1.56980253109563,180,5.99667512615223,0.0555717374170714,0.0230362367609353,2.41236179302123,0,1,1,
G0 No-breaking,85,90215643,0.210292152214545,0,0.850604680657576,1.09052620095622,1.62762764513768,0,7.82496356162999,0.102893166808935,0.0390876699154058,2.63236890384151,0,1,1,
G0 No-breaking,86,519249537,0.209127848612402,0,0.96969656543459,1.06802810647249,1.60197365732855,0,2.40315304130139,0.0471481773408908,0.0217432197974604,2.16840825692236,0,1,1,
G0 No-breaking,87,156289261,0.204050286208636,0,0.917540864153428,1.08290282215077,1.58555359187714,0,5.77353138418576,0.0458735653498529,0.02226287863315,2.06054060239748,0,1,1,
G0 No-breaking,88,1060693286,0.196171560231066,0,0.880903289838554,1.02288221023635,1.61599814319038,180,4.32362593576715,0.0617651097347944,0.0345780325251542,1.78625286704391,0,1,1,
G0 No-breaking,89,18773667,0.220263581289838,0,0.851973414512683,1.10224418409856,1.54461053220322,180,8.91699275246111,0.0688395816428775,0.0271112995751222,2.53914724567633,0,1,1,
G0 No-breaking,90,848421398,0.212723024861219,0,0.95920622415585,1.00945340336793,1.59425105084128,0,3.64040306469009,0.155018066652084,0.0570539581204721,2.71704315982347,0,1,1,
G0 No-breaking,91,286174382,0.204670844451033,0,0.977542704616559,1.0507124909208,1.55621621149581,0,5.5469395729514,0.085095214348615,0.0373225665033904,2.27999364247593,0,1,1,
G0 No-breaking,92,1481504756,0.21916549993866,0,0.955455416158836,1.03871005907278,1.55134643862105,0,7.29064470287487,0.0893854499516794,0.0363997292477081,2.45566249527275,0,1,1,
G0 No-breaking,93,1471252853,0.210457953364446,0,0.930499018846278,1.10805274761012,1.58361913984936,0,4.0608265710746,0.0574066466200247,0.0321518141896944,1.78548701113187,0,1,1,
G0 No-breaking,94,1415547984,0.191507669227674,0,0.865544548911517,1.04020336421245,1.60616964101249,0,7.6476517722047,0.121258950693202,0.0626811397573335,1.93453646763044,0,1,1,
G0 No-breaking,95,519881199,0.194231816621855,0,0.859560676845919,1.03409575375684,1.62808879357267,0,10.5170785780151,0.0728594528660219,0.0363107966144312,2.00655065873892,0,1,1,
G0 No-breaking,96,1282728096,0.209538557580904,0,0.969451389953719,1.03329243102008,1.59188481366167,0,3.24122917597646,0.0943683397029474,0.0464833507516097,2.03015355341352,0,1,1,
G0 No-breaking,97,1188605770,0.221788878161911,0,0.871206188496738,1.06934761062375,1.62752882377555,0,3.52580749737192,0.0574489746367985,0.0296014303009765,1.9407499587918,0,1,1,
G0 No-breaking,98,1978385959,0.193459109982728,0,0.887189526814986,1.01744726460536,1.55663961345943,180,7.71175983235967,0.0609492215900074,0.0337480856227532,1.80600530268049,0,1,1,
G0 No-breaking,99,1900628754,0.205159467779102,0,0.949812899295589,1.00172629345739,1.57927476433575,0,7.37465901152465,0.127577358222242,0.0519877754045442,2.45398763900734,0,1,1,
G0 No-breaking,100,1429647207,0.193955913314191,0,0.904743739709152,1.02605315617076,1.61599055532663,180,2.24967423923095,0.0672124144846086,0.0265621678328366,2.53038136448786,0,1,1,
G1 Shallow-curl,1,221800141,0.228300000436599,0.648936582550752,0.886881361026677,1.04657270100135,0.267777901561887,0,2.34733736350636,0.0896290279919173,0.042762218976643,2.09598636686448,0,1,1,
G1 Shallow-curl,2,1170758373,0.204347996054256,0.45156361585325,1.07906350595453,1.21122802998865,0.20954816392627,180,1.38420627885009,0.0793819420611872,0.0421478853781743,1.88341458530904,0,1,1,
G1 Shallow-curl,3,50755713,0.203879642625841,0.590855696156176,1.09290121019196,1.11857698836565,0.340316473933984,180,1.94946291711048,0.0447743055293433,0.019424302165806,2.30506636208341,0,1,1,
G1 Shallow-curl,4,551365953,0.176711026714848,0.637751781625024,1.04360459479654,1.2626875447896,0.317771631721256,180,1.95865644215327,0.0996598706366882,0.0311129068720555,3.20316809504545,0,1,1,
G1 Shallow-curl,5,1209907700,0.211236162816068,0.607697069372608,1.02062567046297,1.07766681768452,0.226287686252257,0,1.32358918728568,0.0718441471042024,0.0256727132300475,2.79846335135764,0,1,1,
G1 Shallow-curl,6,434808538,0.204668575725843,0.479616055312743,0.88389248426874,1.03680873333383,0.338243949755125,0,5.14827309756601,0.0484847174483427,0.0205326742777371,2.36134449865174,0,1,1,
G1 Shallow-curl,7,398873430,0.209027843424318,0.525436295279761,1.06319823982074,1.24818597729363,0.221982606312333,180,7.51823952399842,0.0789591601207782,0.0364388037350551,2.16689770319813,0,1,1,
G1 Shallow-curl,8,425524439,0.18942321046148,0.548387463127382,0.833969293589328,1.20153475171583,0.255134375489351,0,7.87647803861743,0.098485204139846,0.0407514267570252,2.41673020989058,0,1,1,
G1 Shallow-curl,9,1835150068,0.173726531904175,0.563520834432877,0.843378217630074,1.26859883727476,0.377059502805446,0,4.65140862928862,0.102546200296822,0.0383808814525769,2.67180420083701,0,1,1,
G1 Shallow-curl,10,441952633,0.182635228735509,0.523210629876117,1.0507668477711,1.05087053464014,0.351112478236276,180,3.52422560078628,0.0726345959683289,0.0362904533288648,2.0014794334508,0,1,1,
G1 Shallow-curl,11,621278452,0.192280214806508,0.577367785350633,1.07655536552735,1.24613429496022,0.296884673640237,180,8.9411614041278,0.130574413605293,0.0443148094703577,2.94651867323574,0,1,1,
G1 Shallow-curl,12,1470361970,0.199333412145735,0.55643510165351,0.887174460335608,1.24868843382361,0.273623632439319,180,2.85570665479118,0.0780183146486865,0.0370130581657433,2.10785918578581,0,1,1,
G1 Shallow-curl,13,279192926,0.199581795603881,0.625029824971449,0.857955405735467,1.22674148240541,0.237613465304448,180,0.220943782811738,0.085160724686474,0.0334267618145273,2.54768096170964,0,1,1,
G1 Shallow-curl,14,1014352153,0.179773732535866,0.562211343972873,0.948931103027809,1.15856214302701,0.297822302601981,180,8.74709096499618,0.0788387135328414,0.0356969629101318,2.20855521326339,0,1,1,
G1 Shallow-curl,15,1940968812,0.208601139780997,0.550817119866211,0.98178377056838,1.22096937505504,0.225461613116725,180,2.58061721161854,0.0790329663282636,0.031960865415429,2.47280432807401,0,1,1,
G1 Shallow-curl,16,757520650,0.185949115954692,0.59256300497054,1.02976825616864,1.05824332672943,0.263396249763342,0,7.59584896559554,0.065932038969188,0.0372572066332541,1.76964525596882,0,1,1,
G1 Shallow-curl,17,745191514,0.208564086538077,0.554353915842372,0.999125154753544,1.19087464855525,0.296187617981372,0,3.86212425086613,0.0904206649958196,0.0305638305932947,2.95842056576693,0,1,1,
G1 Shallow-curl,18,65502429,0.221594644546626,0.455102343004581,1.001808779865,1.22058970078002,0.230344539341874,180,11.2623024662703,0.0860819870062669,0.0325655796559934,2.64334269236397,0,1,1,
G1 Shallow-curl,19,1641268602,0.227073285320639,0.639816278332309,0.887623870927726,1.02758708893159,0.307363990066803,180,6.5776348415772,0.0610731917287589,0.02597112145756,2.35158084446064,0,1,1,
G1 Shallow-curl,20,1007655820,0.218908283836117,0.59523171567398,1.05116308845119,1.06874538420132,0.346136363843169,0,3.89161295151256,0.0631988932018409,0.0346094910153274,1.82605670721514,0,1,1,
G1 Shallow-curl,21,1664843059,0.212650538001495,0.630652510513241,1.04729066187147,1.16186535194443,0.214005270976451,180,1.2653795137568,0.0749650133273798,0.0355230405845579,2.110320853558,0,1,1,
G1 Shallow-curl,22,247882559,0.214571672813781,0.502064114965089,0.896972857011439,1.10320317865632,0.294730450599563,180,5.27174793815051,0.0948775933334901,0.0515459939815748,1.84063951443839,0,1,1,
G1 Shallow-curl,23,1331747554,0.191935573943527,0.565196622639691,1.02213976742848,1.23222516221004,0.286996597751063,180,2.81666473674623,0.110403850212086,0.0396495523150211,2.78449172224978,0,1,1,
G1 Shallow-curl,24,1394189554,0.216400742570855,0.634904373828028,0.946109162186209,1.20098920494364,0.228037974248167,0,11.672742028607,0.103418280743248,0.0422456152531796,2.44802401677566,0,1,1,
G1 Shallow-curl,25,884821581,0.225888990341838,0.646969370884047,0.884435072209699,1.01512717829621,0.204547413405111,0,16.8958968247908,0.0650551632524196,0.0229055050937746,2.84015405842767,0,1,1,
G1 Shallow-curl,26,549602779,0.175363502731163,0.459798635538088,0.898253104941629,1.27815925130881,0.320108793197895,180,5.43991394542716,0.0391918251393291,0.020596282571003,1.90285916908648,0,1,1,
G1 Shallow-curl,27,12060526,0.212524678130852,0.484865360166468,0.863886714759517,1.27585903856722,0.226092944022843,0,16.4453108912262,0.0872483507576281,0.0405732441128887,2.1503912902521,0,1,1,
G1 Shallow-curl,28,425148108,0.181950010668103,0.562706954040902,0.807892524510038,1.09616505512719,0.227174396274961,180,7.18496478546108,0.0520521741617822,0.0263520164697322,1.97526341946428,0,1,1,
G1 Shallow-curl,29,1999752097,0.194611867984005,0.608702438122482,0.854450239546521,1.24583297753412,0.354516975879366,0,2.20818192297818,0.0662032649771414,0.0270903332361,2.44379662664764,0,1,1,
G1 Shallow-curl,30,1016806304,0.213722996488866,0.467291751975822,1.05319213202794,1.29103093022139,0.291665559461173,180,22.368497031802,0.133617888054878,0.0567138293378426,2.35600187141164,0,1,1,
G1 Shallow-curl,31,1448454965,0.197861168421612,0.627113936167379,0.918579925167047,1.05752140502477,0.210222592357888,0,15.0378997129785,0.0807415895651041,0.0385855138021993,2.09253633316921,0,1,1,
G1 Shallow-curl,32,1290314117,0.191614621068147,0.476441106863471,0.810452054693419,1.08187276790627,0.360437742103341,0,4.38401180399516,0.0516646734392247,0.0212036158315313,2.43659731668953,0,1,1,
G1 Shallow-curl,33,1359170167,0.207442645307626,0.595689755497087,1.08198308066332,1.24566564624967,0.399985039157193,0,5.95958826863168,0.10747423810238,0.071743195379324,1.49804085996083,0,1,1,
G1 Shallow-curl,34,1166819772,0.182488306793305,0.64553426252955,1.07233313084753,1.18352681926927,0.231292077864938,180,3.0752367164499,0.216419125330436,0.0575841478041279,3.75831081266643,0,1,1,
G1 Shallow-curl,35,351892640,0.229721876978531,0.61936340023713,0.854136732754117,1.07454851982352,0.350191722411083,180,4.96708870918447,0.106879230969289,0.0388324532763081,2.75231724889492,0,1,1,
G1 Shallow-curl,36,155695166,0.208990329196935,0.601823236850624,0.907877741831908,1.02114427353792,0.20414980114915,180,9.66282287324392,0.0626715660045269,0.025626741686486,2.44555342896269,0,1,1,
G1 Shallow-curl,37,615352048,0.191790049008958,0.618683715958777,1.09988824352331,1.14597443376416,0.314932221962637,0,5.93197465844964,0.0603013395312563,0.0280282878790671,2.15144570340639,0,1,1,
G1 Shallow-curl,38,300732193,0.222507819384367,0.538243778151915,0.892985076971769,1.22363227493493,0.237141685783891,0,14.7070418265488,0.071910364142307,0.0336130462522011,2.13935873597288,0,1,1,
G1 Shallow-curl,39,366825561,0.22494707733056,0.484828936023876,0.972597701760039,1.12808760373763,0.379245819961126,0,11.6166499205094,0.0671631797641679,0.0353912130602546,1.89773601853716,0,1,1,
G1 Shallow-curl,40,1443220870,0.177476599346455,0.490065757419618,1.00255865599594,1.14300045080299,0.231701335688467,180,28.9132465966171,0.126557666536518,0.0610372987322792,2.07344802547083,0,1,1,
G1 Shallow-curl,41,1612868000,0.214337612376077,0.551759161735848,0.993674728552976,1.17793584405942,0.340683235034791,180,9.913025728276,0.120819503817368,0.0482479920121667,2.50413538011905,0,1,1,
G1 Shallow-curl,42,705878461,0.18894615245796,0.64666906606904,1.04307039945769,1.05729605276228,0.237572884598185,0,2.52951002379503,0.0616742221743709,0.0283394437634734,2.17626791439931,0,1,1,
G1 Shallow-curl,43,1945964322,0.224287812505474,0.539171890607726,0.996940397947282,1.11781334775073,0.388470123145698,180,9.23683862684674,0.0791198098553295,0.0359423440348127,2.20129799488582,0,1,1,
G1 Shallow-curl,44,718062189,0.212483571954579,0.528489699870578,0.910400405825258,1.06192650887903,0.359785345782545,0,5.97156515321419,0.0610327561970064,0.0272582813819438,2.23905371515591,0,1,1,
G1 Shallow-curl,45,6601311,0.214783219195425,0.602225373879681,1.09088722598273,1.0275307544623,0.294927335597647,0,7.79587523096998,0.12771849855997,0.0414920606100513,3.07814306356794,0,1,1,
G1 Shallow-curl,46,211273431,0.200520273834104,0.511298137061691,0.839324346687629,1.00170069892068,0.311996480220779,0,16.0636866022429,0.155036100856569,0.058114115486549,2.66778732771823,0,1,1,
G1 Shallow-curl,47,1413038097,0.212097384269973,0.641322328094305,0.942153839885134,1.07249261801583,0.378631962929976,180,7.06298385172956,0.092488535847964,0.0442270879205381,2.09121920968743,0,1,1,
G1 Shallow-curl,48,578508621,0.220513590975529,0.491317823065257,0.824144194395055,1.16717225278457,0.324762044074551,0,6.64495873718577,0.106121600937154,0.0418155718739821,2.53784884867696,0,1,1,
G1 Shallow-curl,49,1488571601,0.202862292250807,0.466726043931222,1.05391690486046,1.24339697733381,0.369238744753437,180,7.5668169070429,0.0884376696851958,0.0445085914349579,1.98697974557189,0,1,1,
G1 Shallow-curl,50,454501701,0.217713074150505,0.509816464636828,0.974470671504469,1.07425616327571,0.376296956766864,0,7.40642548201105,0.0883844838387505,0.0379449236296221,2.32928348206642,0,1,1,
G1 Shallow-curl,51,690160693,0.170851707245533,0.537056103939707,1.01184490130207,1.08021157659625,0.2980914795466,180,4.59391783394072,0.072254714769131,0.0378986043764071,1.90652705971705,0,1,1,
G1 Shallow-curl,52,2094925958,0.217377550578037,0.464551003321655,1.02697358137508,1.08206210572104,0.29241737616155,0,2.81934485083444,0.0577968185572604,0.0262461612746297,2.20210559374747,0,1,1,
G1 Shallow-curl,53,1058717077,0.188589774397987,0.514372254218441,1.0882008010613,1.04454400194401,0.295651845776354,180,2.63780559109994,0.0837699364858256,0.0425059649201967,1.97078072790726,0,1,1,
G1 Shallow-curl,54,1822166926,0.222647644147219,0.62823555775811,0.902913017938971,1.07773263108365,0.276245136555033,0,10.9814302510105,0.102551153533525,0.0359356445692643,2.85374465277401,0,1,1,
G1 Shallow-curl,55,662908828,0.216484176445175,0.517676148864584,1.07696148721389,1.01157328978424,0.211722148150109,180,21.6372516020567,0.116557371884316,0.0465941134232148,2.5015471552302,0,1,1,
G1 Shallow-curl,56,1733745105,0.187019517234054,0.535519902776432,1.07274026945869,1.26921100028615,0.223085661446179,0,9.28918499446801,0.104710911532721,0.0383135103245235,2.73300229203218,0,1,1,
G1 Shallow-curl,57,767710335,0.180612699533568,0.496434050819254,1.02427584733198,1.12065161647379,0.396409050494616,0,9.19501513986325,0.0827648846539435,0.0357137790057743,2.31744964991136,0,1,1,
G1 Shallow-curl,58,585464374,0.226706234807485,0.502091190921615,1.069952735643,1.24538781090823,0.397742634841993,0,5.75526665456785,0.101976183577891,0.0468503692870449,2.17663564086547,0,1,1,
G1 Shallow-curl,59,1422132667,0.1732343071805,0.571416309325586,0.944253223540563,1.28879270403691,0.346449763273541,0,3.27187429783587,0.065576538281511,0.0297701916160861,2.2027583539663,0,1,1,
G1 Shallow-curl,60,1541811578,0.199033233570154,0.491477306304994,0.917010797658686,1.1346014489364,0.312670242044003,0,4.34416443711028,0.0741165711280049,0.0365969925250809,2.02520934137445,0,1,1,
G1 Shallow-curl,61,633047925,0.18176392556457,0.565980792478284,1.05248560919672,1.13754949783634,0.374938609984058,180,0.87382084420093,0.0835890618617709,0.0402825116788652,2.07507075348599,0,1,1,
G1 Shallow-curl,62,1453551607,0.178219013924047,0.586645409800535,0.870250543852715,1.26550019156153,0.26427253773639,0,15.5365971612119,0.110822581576633,0.0523144560082643,2.11839307970871,0,1,1,
G1 Shallow-curl,63,2112068487,0.205601734406421,0.591384686729571,1.06055607059424,1.13424646110463,0.263939074174425,180,25.0242563415442,0.166394406292937,0.051452746319628,3.23392662578755,0,1,1,
G1 Shallow-curl,64,60104149,0.203463824645988,0.582647587495007,0.872889473596741,1.19018138822054,0.268341346773503,180,2.68836963954197,0.0427081981072887,0.0236862607657475,1.80307894646878,0,1,1,
G1 Shallow-curl,65,1581634654,0.217670252637573,0.549943987409586,0.962938905216575,1.21259401659609,0.366343798369947,0,3.99960144052751,0.126044841723915,0.0533309607313823,2.36344592325606,0,1,1,
G1 Shallow-curl,66,1624901972,0.208370098355452,0.554662785114119,0.875145922764625,1.21699880757777,0.271976489999577,180,12.0802567618365,0.0611158219835609,0.0295158539879001,2.07060998501398,0,1,1,
G1 Shallow-curl,67,1213672979,0.176215584973862,0.477552922477813,0.934550521505729,1.2181640060365,0.226517084390106,0,39.2532655090204,0.126360057357588,0.0389463760614739,3.24446251836469,0,1,1,
G1 Shallow-curl,68,1641739556,0.228362627701571,0.641889072678651,0.956647780882312,1.1475199527621,0.247464785338025,180,18.7975991510545,0.146144844245385,0.0524155370584394,2.78819702033091,0,1,1,
G1 Shallow-curl,69,1024913093,0.198256140869884,0.548968983374119,0.996579091560335,1.1683191676907,0.305335436300665,0,9.73347452501516,0.077901752623359,0.0294271567070836,2.64727419637545,0,1,1,
G1 Shallow-curl,70,1141331834,0.185083570281757,0.492246928615102,1.08288693895953,1.19079522107513,0.398460963868483,180,4.2412092585994,0.0698892696728949,0.0348226964507083,2.00700338561729,0,1,1,
G1 Shallow-curl,71,930813870,0.170470811684984,0.553560321599353,1.06539245292835,1.2893860219434,0.234355421223127,0,2.7773124949408,0.0700618966067767,0.0290461033199957,2.412092797265,0,1,1,
G1 Shallow-curl,72,1749452000,0.196381878393676,0.452893121578642,1.04454449255647,1.00535358202761,0.339690062973464,0,9.74737258725294,0.070859469297901,0.033916426278781,2.08923748968896,0,1,1,
G1 Shallow-curl,73,987541412,0.2211880436828,0.504942234622387,0.808600097071939,1.25875550210537,0.22800793030657,0,15.1594859497773,0.110318591622776,0.0502187946047076,2.1967590518876,0,1,1,
G1 Shallow-curl,74,1006158563,0.194791799699717,0.459376958619165,1.00038790482431,1.17280880890416,0.267482089234443,180,22.1927411416741,0.140846582849823,0.0461864410272686,3.04952232120822,0,1,1,
G1 Shallow-curl,75,69692183,0.219414825359923,0.457842599448647,0.872725868920277,1.02132863198126,0.240976673282979,0,2.02464275654165,0.115603116081236,0.0522578342695313,2.21216814085688,0,1,1,
G1 Shallow-curl,76,294551016,0.199183546449351,0.584757297462583,0.886095038535456,1.00552174355915,0.219948346752976,180,9.11883657486017,0.0813960091407816,0.0362768458480846,2.24374548662916,0,1,1,
G1 Shallow-curl,77,441991233,0.207011907959659,0.509975579358882,0.801126844218491,1.29893080878839,0.340290858888168,180,10.3177821030482,0.0472792716582694,0.0250624775576915,1.8864564187414,0,1,1,
G1 Shallow-curl,78,502807380,0.171662375821095,0.564120250237091,0.850765727443414,1.18554484405895,0.308969416190456,180,2.20342089877383,0.052244472004076,0.0303384324699167,1.72205574747084,0,1,1,
G1 Shallow-curl,79,755445638,0.22341226559287,0.58615621330726,0.863857285293628,1.15237972393624,0.341488332456152,0,2.24208207862942,0.058176122989943,0.0290316952597447,2.00388308259111,0,1,1,
G1 Shallow-curl,80,1432013133,0.205354156155944,0.642758016404046,0.957183266924459,1.02129893556297,0.219571111163075,180,2.03052075394872,0.0879516160869132,0.0332784945492576,2.64289647948859,0,1,1,
G1 Shallow-curl,81,1391544612,0.198808353471039,0.601562053383897,1.08838746542785,1.03910146953224,0.322227475352268,180,7.56263352936806,0.0595717123056378,0.0286157698420262,2.08177912509446,0,1,1,
G1 Shallow-curl,82,82183473,0.177802702895558,0.593269835766925,1.09395445142059,1.26159745150776,0.322914125160648,180,2.42467003485747,0.0734083347044713,0.0338193494192843,2.17060162199965,0,1,1,
G1 Shallow-curl,83,620232074,0.196528097365307,0.478086186889178,0.891515696113865,1.23522637610055,0.398628111733949,0,3.46632501655795,0.0789764652410284,0.0402955434858437,1.9599305136255,0,1,1,
G1 Shallow-curl,84,1069932597,0.219406518268328,0.476564983875097,1.01755395215823,1.17962797668922,0.251064919778901,180,16.0106155660888,0.0585290038034797,0.0228484205485575,2.56162143370452,0,1,1,
G1 Shallow-curl,85,90215643,0.21637865953253,0.540601344373183,0.85942657926547,1.14432187102248,0.338829702095118,0,3.14907732466795,0.104175570841699,0.0392792248455164,2.6521799055714,0,1,1,
G1 Shallow-curl,86,519249537,0.195736058106863,0.589954325384818,1.06853865940561,1.11601392627527,0.236363323346888,0,2.30434153688112,0.0510960093175026,0.0209753260401338,2.43600548662445,0,1,1,
G1 Shallow-curl,87,156289261,0.17265313324725,0.581415647862948,1.09678790970016,1.22322778516209,0.33624017887136,0,7.64746336328299,0.0484586068931899,0.0221936896227566,2.18344077604393,0,1,1,
G1 Shallow-curl,88,1060693286,0.196946948892262,0.59516739113127,0.918883102123734,1.03569753465961,0.380794640019661,180,10.0720938347389,0.0649020467527856,0.0330923260659358,1.96124160699582,0,1,1,
G1 Shallow-curl,89,18773667,0.217162819408026,0.490095002559345,1.06411576545753,1.25911092597467,0.276093538073137,180,21.6645166403862,0.0747655534880656,0.0260810753355484,2.86665915903246,0,1,1,
G1 Shallow-curl,90,848421398,0.200960934792265,0.638926809875423,0.850975392543367,1.24287028662261,0.215487663467731,0,9.05800537184818,0.189508685024556,0.0535692303240402,3.53764061716434,0,1,1,
G1 Shallow-curl,91,286174382,0.179912000139634,0.487032640774308,0.925207106234614,1.07838854753553,0.342244621798005,0,6.18388613754286,0.0879142598511509,0.0374292689064345,2.34881050097234,0,1,1,
G1 Shallow-curl,92,1481504756,0.202055078554091,0.472898684938352,0.991421540483995,1.06379054701672,0.367451068704818,0,0.102516691624536,0.0972004156882217,0.0340467791044083,2.85490781345706,0,1,1,
G1 Shallow-curl,93,1471252853,0.225357205191179,0.485899811302974,1.04059074956471,1.17298864338194,0.390281809749663,0,0.820137895223857,0.0571992548813448,0.0325697016681247,1.75621058688801,0,1,1,
G1 Shallow-curl,94,1415547984,0.201525142818779,0.461868426875957,0.954106312895968,1.19825052028154,0.325093245293494,0,4.1448831041876,0.135432851732652,0.0598027685937628,2.26465855874734,0,1,1,
G1 Shallow-curl,95,519881199,0.186981615298374,0.522059608896183,1.0860273694038,1.14700902785497,0.238977589832523,0,33.7410474284189,0.0791391632501674,0.0347796921214354,2.27544174266547,0,1,1,
G1 Shallow-curl,96,1282728096,0.188744329843258,0.471936141777097,0.978012864193297,1.22324285984954,0.225082986684781,0,2.30899304486002,0.109688279686082,0.0431548173228683,2.54173894111137,0,1,1,
G1 Shallow-curl,97,1188605770,0.223194303874007,0.613050958365241,0.907032774676923,1.0754475688952,0.397407151615828,0,8.29399242398171,0.063482994436119,0.0309488947548478,2.05122008197644,0,1,1,
G1 Shallow-curl,98,1978385959,0.220774068511054,0.456354727232071,1.08131625019923,1.24904447680164,0.250498845909804,180,16.8072890280369,0.063775515685621,0.0330381997055365,1.93035686732451,0,1,1,
G1 Shallow-curl,99,1900628754,0.177806078396937,0.490287314716068,0.913051041246237,1.28884675428336,0.324113671807045,0,1.00007666661804,0.132786220539126,0.0514070552247664,2.5830349542207,0,1,1,
G1 Shallow-curl,100,1429647207,0.204845293512425,0.484142344401105,0.966308654167017,1.26202970639849,0.361090548701942,180,0.934723421015564,0.0690454738388522,0.0270375241176094,2.55369069810217,0,1,1,
G2 Conditioned,1,221800141,0.228275405441058,1.18926887573962,0.914364527102769,0.982274146084917,1.62773491213715,0,68.2427175101342,0.100607336479065,0.0571510597375662,1.76037569453738,1,1,1,
G2 Conditioned,2,1170758373,0.192541396834867,1.15558508591316,0.914589991083675,1.07139501237365,1.55811445477559,180,65.7794725312199,0.0995968645947396,0.0532366217999596,1.87083367102034,1,1,1,
G2 Conditioned,3,50755713,0.202304065774201,1.13625384321104,0.913456211845414,1.03908409547442,1.61095964880338,180,67.991254364763,0.0530273160498501,0.0243602337355125,2.17679832737182,1,1,1,
G2 Conditioned,4,551365953,0.215043186454276,1.15912185896263,0.924137064914252,1.05254641338916,1.57729085146333,180,67.498954129401,0.0931402742315705,0.0429216554484778,2.17000656797532,1,1,1,
G2 Conditioned,5,1209907700,0.222421583503325,1.13321133105716,0.960592281377252,1.00074877686486,1.55443192489184,0,69.6329160270646,0.0662578109754577,0.0293080619694937,2.26073668891599,1,1,1,
G2 Conditioned,6,434808538,0.201740422037114,1.13020690844204,0.934512978250427,1.06760995126085,1.61078178009889,0,66.6648705938449,0.0520474650299423,0.0248237581283265,2.09667951004368,1,1,1,
G2 Conditioned,7,398873430,0.191609366467046,1.12291728986676,0.87729119129205,1.05981323833941,1.62079488135276,180,67.0570754050124,0.0863383167986277,0.0476787263856126,1.81083521611603,1,1,1,
G2 Conditioned,8,425524439,0.228601038722349,1.13084969386713,0.906885191828185,1.07563378712442,1.55636386997965,0,67.2347809689925,0.102314732921707,0.0607270523541047,1.68482956039265,1,1,1,
G2 Conditioned,9,1835150068,0.218440253684498,1.13733124367818,0.86541952570661,1.11828572608649,1.55552411672583,0,66.2781874210691,0.120167936522589,0.0515720234418486,2.33009931553467,1,1,1,
G2 Conditioned,10,441952633,0.205149961714448,1.18428862982456,0.96011293049403,1.03862566738452,1.55470095242929,180,66.9983468569799,0.073597009948792,0.045692533060596,1.61070102747838,1,1,1,
G2 Conditioned,11,621278452,0.216040562425886,1.17776204964572,0.962091491747244,1.05117927324001,1.60675015805511,180,67.6007970555753,0.122990000119736,0.0554650900561953,2.21743081991082,1,1,1,
G2 Conditioned,12,1470361970,0.213090320307543,1.14168756319731,0.970062782194781,1.07182023694937,1.57574124781765,180,67.7757400884137,0.0819741058989706,0.0497529393944511,1.64762337455208,1,1,1,
G2 Conditioned,13,279192926,0.210561099989333,1.13216151968935,0.92300283017373,1.09251120332134,1.5843235531017,180,67.0078455575624,0.0834775663748037,0.0419938291315182,1.98785317036379,1,1,1,
G2 Conditioned,14,1014352153,0.193692709803021,1.13894297044094,0.919259466893191,1.07887853208941,1.60098166718349,180,65.4572783730062,0.0809299620342,0.0436384813749071,1.85455495893439,1,1,1,
G2 Conditioned,15,1940968812,0.195333510129401,1.14544735041083,0.890387320027896,1.07807380665314,1.63499185768857,180,68.0032852681667,0.0824848195234391,0.0406329802034135,2.02999679350396,1,1,1,
G2 Conditioned,16,757520650,0.214103578824968,1.15187019794966,0.976755077369218,1.10508765639587,1.63467086835198,0,66.7517944740274,0.0845083015901017,0.0511622927957528,1.65176924199763,1,1,1,
G2 Conditioned,17,745191514,0.224951358076611,1.18959031531084,0.930010182501839,1.10349354067569,1.62664742728269,0,68.924363397711,0.0943856759204926,0.0409161414173072,2.30680784284728,1,1,1,
G2 Conditioned,18,65502429,0.199273880884974,1.15585581014054,0.890830487270882,1.05772851817449,1.62407176742362,180,68.7061688988607,0.0870522557818362,0.0431005102140556,2.01975000642678,1,1,1,
G2 Conditioned,19,1641268602,0.20166379652561,1.12966446816798,0.890657076733352,1.09712411350985,1.62349975254889,180,67.2644852613703,0.068728514806961,0.0328367374248089,2.09303725634554,1,1,1,
G2 Conditioned,20,1007655820,0.202094712157387,1.1590613446506,0.9472442757921,1.01655814365024,1.56587505756615,0,68.1676536168297,0.0657020053696855,0.0395602308714305,1.66080945238199,1,1,1,
G2 Conditioned,21,1664843059,0.191339040411921,1.13653075733872,0.966617562009136,1.0305877226753,1.62854457883628,180,68.1289577439027,0.0927676270729401,0.0452275324962274,2.05113173221816,1,1,1,
G2 Conditioned,22,247882559,0.190305250372949,1.17785306770651,0.90850479755315,1.08646108668128,1.61250115399401,180,65.7409801547573,0.0975770131568457,0.0604938212387518,1.6130079264085,1,1,1,
G2 Conditioned,23,1331747554,0.20980130096097,1.13432445234574,0.864832466356993,1.09669190375448,1.55266918606225,180,65.9545101233813,0.0964811711743824,0.0498272189197487,1.93631459403292,1,1,1,
G2 Conditioned,24,1394189554,0.205481573490783,1.13725301318742,0.960596369172767,0.998330212577564,1.55100230019014,0,67.2801541812018,0.105611407998063,0.0558114537227577,1.89228914413672,1,1,1,
G2 Conditioned,25,884821581,0.215678384549952,1.19057001172918,0.925646594904416,1.0404748651026,1.55766036712664,0,68.0276513165298,0.0700309596190599,0.0303844328024263,2.30483024232948,1,1,1,
G2 Conditioned,26,549602779,0.223143309845425,1.17067683715537,0.943980966000432,1.01936617961709,1.58135387379069,180,69.799868177342,0.0484657527430883,0.0273078566220158,1.77479153395052,1,1,1,
G2 Conditioned,27,12060526,0.200636401368946,1.16201694958491,0.857119425541768,1.02721335963846,1.5512763333332,0,68.1235155898494,0.0891473026803718,0.0491055854258311,1.81542083059003,1,1,1,
G2 Conditioned,28,425148108,0.191339708117268,1.14907844905879,0.867686288472515,1.0842747279819,1.54334493575026,180,65.0652208980162,0.0558536258020507,0.0319911666828747,1.74590774871458,1,1,1,
G2 Conditioned,29,1999752097,0.211504545122745,1.18572024966666,0.927896047777038,1.05930618447218,1.62998126159861,0,69.42353498043,0.070878072061572,0.0383823116657677,1.84663374834681,1,1,1,
G2 Conditioned,30,1016806304,0.220449335236376,1.17945714805856,0.868947493304894,1.06060986864052,1.63722135236848,180,69.6511379065756,0.125511242495893,0.0765971273901327,1.63858941937373,1,1,1,
G2 Conditioned,31,1448454965,0.214614912902508,1.13762797458623,0.892298439831718,0.994561524428422,1.55085453829586,0,68.0383816355289,0.0814919393935052,0.0503709323311836,1.61783662962012,1,1,1,
G2 Conditioned,32,1290314117,0.214191404210048,1.15537118321043,0.972243494704367,1.053340316056,1.57678093978566,0,68.0980545997047,0.061183663967808,0.0263375451297978,2.32305872344139,1,1,1,
G2 Conditioned,33,1359170167,0.214998528265611,1.1433158013161,0.853399211357023,1.04541178555059,1.55452954340888,0,68.712165043968,0.142808527755431,0.084662172818756,1.68680442517291,1,1,1,
G2 Conditioned,34,1166819772,0.210179226778422,1.1834527142924,0.860178896876771,1.07157795104856,1.63469165580612,180,69.7109205402186,0.163825519429543,0.0762951512586892,2.14725990743592,1,1,1,
G2 Conditioned,35,351892640,0.200840888535405,1.12562919804026,0.90163867452181,1.01152928239447,1.63778427612858,180,69.5938128250895,0.111903380418748,0.0491419583767516,2.27714531766988,1,1,1,
G2 Conditioned,36,155695166,0.199067371915953,1.16325910199941,0.966831422856325,1.06367152348946,1.56330144270923,180,65.3173771926411,0.0636063620009736,0.030575689018702,2.08029202423102,1,1,1,
G2 Conditioned,37,615352048,0.200817297499733,1.1526198194689,0.95995343345073,1.02891336859708,1.61417322487589,0,67.8817203698971,0.0550341369996058,0.0324567275920474,1.69561570381761,1,1,1,
G2 Conditioned,38,300732193,0.213935481585955,1.13119745138313,0.914498401755795,1.09408581216868,1.59264437393863,0,65.9856094650823,0.0735020627386154,0.0426652825742278,1.72276048121183,1,1,1,
G2 Conditioned,39,366825561,0.205525855321093,1.19830589013161,0.910568558332865,1.00342794806216,1.61398512462029,0,69.5717026558283,0.073809346481929,0.0447731203457203,1.64851915417113,1,1,1,
G2 Conditioned,40,1443220870,0.190801999205832,1.15881002305358,0.977160701555913,1.07142146605639,1.62622735758226,180,65.6191477557483,0.114707372190499,0.0699747351121274,1.63926840175517,1,1,1,
G2 Conditioned,41,1612868000,0.215790197247544,1.12627673747124,0.974798570407191,1.05853556039227,1.61296792740414,180,67.0697621972923,0.125491429267971,0.0643824264226174,1.94915656710766,1,1,1,
G2 Conditioned,42,705878461,0.20834403379037,1.1587184603879,0.906097633686017,1.03830819253135,1.57464498454775,0,68.822202437096,0.0657900363074816,0.0353249917038754,1.86242184737057,1,1,1,
G2 Conditioned,43,1945964322,0.210331888143513,1.17428116145586,0.865782589261519,1.11259540302975,1.62052415729785,180,66.8303328433404,0.0884037429525617,0.0453981782262483,1.94729714729937,1,1,1,
G2 Conditioned,44,718062189,0.214526889983295,1.17662200852524,0.860594455036888,1.02786566882245,1.57920526276008,0,69.1080788962076,0.0698762533392011,0.0326932460562267,2.13732993105139,1,1,1,
G2 Conditioned,45,6601311,0.205306844717674,1.12645373482815,0.900088030202583,1.10171903870697,1.59562869669795,0,65.4413576870145,0.110094570916723,0.049472716335717,2.22535933078006,1,1,1,
G2 Conditioned,46,211273431,0.218668407188498,1.17082956387692,0.94114788689878,1.10766367099973,1.61839626699574,0,67.6393367651049,0.148503340975561,0.071539263940259,2.07582987014758,1,1,1,
G2 Conditioned,47,1413038097,0.222547857165426,1.15376550461846,0.871016445372851,1.06703363694285,1.55325657290032,180,67.4984402547648,0.0960295796032737,0.0598875941583037,1.60349703395054,1,1,1,
G2 Conditioned,48,578508621,0.215595603733557,1.19258589147571,0.854970867864805,1.09595552372371,1.63906740548777,0,69.0316728707722,0.0988014822649805,0.0497821127736584,1.98467836658914,1,1,1,
G2 Conditioned,49,1488571601,0.220997837948912,1.16535866615269,0.903424215185764,1.05809259479638,1.6129070818359,180,69.0379778062332,0.0992048274522196,0.0587841188418511,1.68761273294091,1,1,1,
G2 Conditioned,50,454501701,0.222432683437586,1.16542937903001,0.92909233938498,1.04215984615001,1.62392303998079,0,69.5714067671655,0.0896831691367793,0.0476667742951431,1.88146083855977,1,1,1,
G2 Conditioned,51,690160693,0.205527907374058,1.16756939316217,0.914560962537161,1.0165643836397,1.55526635875447,180,68.382120415211,0.0747362179702579,0.0456395506053408,1.63753185513426,1,1,1,
G2 Conditioned,52,2094925958,0.190614495958431,1.13689228504913,0.937491110941999,1.03048244028221,1.57275347970744,0,67.4350458369667,0.0601952619738954,0.0324497611658428,1.85502943045566,1,1,1,
G2 Conditioned,53,1058717077,0.226566087902187,1.16852502984689,0.913274978066919,1.10087535155991,1.59385079903014,180,65.7227305324319,0.0971841426187657,0.0590262921420107,1.64645514891824,1,1,1,
G2 Conditioned,54,1822166926,0.21920457491044,1.12272550539668,0.976740990744905,1.08618208545103,1.57789178922442,0,66.1539504460481,0.105470401764815,0.0484958771080648,2.17483233739216,1,1,1,
G2 Conditioned,55,662908828,0.215217806696793,1.13874770253559,0.92306313895919,1.02601556686221,1.61436260489499,180,68.7065024522423,0.115236726299852,0.0626331154427896,1.83986898121189,1,1,1,
G2 Conditioned,56,1733745105,0.214468441633521,1.19197813744553,0.960451381546268,0.995839558317339,1.56873672780057,0,69.3614675674059,0.100066534516325,0.0489090059133989,2.0459735921337,1,1,1,
G2 Conditioned,57,767710335,0.220767241112951,1.18442024084767,0.929179039702365,1.08450554512026,1.57870520474828,0,67.4926475175992,0.0860481731403997,0.0491274721349723,1.75152861323684,1,1,1,
G2 Conditioned,58,585464374,0.22639755329265,1.18987442347355,0.942876198763744,0.992778929333256,1.60217239662225,0,66.7610686426739,0.10148106693383,0.0617682209388164,1.64293329792273,1,1,1,
G2 Conditioned,59,1422132667,0.211478934536772,1.15185259454533,0.896110870364401,1.06102716474245,1.62874534670561,0,69.2836787284471,0.0754803039549508,0.0384294122061519,1.964128505272,1,1,1,
G2 Conditioned,60,1541811578,0.201207690799163,1.16721251332954,0.975832207584708,1.11384834476907,1.61709124302504,0,66.3564822906838,0.0847562564525334,0.0463009120853686,1.83055263136635,1,1,1,
G2 Conditioned,61,633047925,0.22069824910961,1.1202609348502,0.960081462617138,1.08956331487563,1.61113090014171,180,67.6050469989512,0.0865106626731786,0.0504717151550745,1.71404245739171,1,1,1,
G2 Conditioned,62,1453551607,0.219623081824373,1.1442635548592,0.956636143369315,0.987402213218146,1.57259007180703,0,69.7410342925951,0.113500202452001,0.067111681471448,1.69121380903396,1,1,1,
G2 Conditioned,63,2112068487,0.194621800091758,1.17889994686209,0.92428738645518,1.01643902133604,1.56267716704621,180,66.9923638824874,0.139958539434792,0.0640001568000004,2.18684682089391,1,1,1,
G2 Conditioned,64,60104149,0.227739835493507,1.19084026914634,0.887155065186889,0.991164639119065,1.55176954817051,180,66.1522419241442,0.0498575444369704,0.0304106695291179,1.63947539495085,1,1,1,
G2 Conditioned,65,1581634654,0.208973038075629,1.13381797135262,0.859619868901557,1.11423110778709,1.62472868631945,0,66.6438652639807,0.121717473842496,0.067838628955501,1.79422072227222,1,1,1,
G2 Conditioned,66,1624901972,0.196534303723456,1.1839107816951,0.866694886464177,1.08692219285798,1.60313032761699,180,66.895896196035,0.0676917699799267,0.0383344073921958,1.76582278388651,1,1,1,
G2 Conditioned,67,1213672979,0.216971313981343,1.16192839734944,0.949387078714292,1.06575706086509,1.60828224678847,0,67.292994164448,0.120199063364279,0.0520483333603333,2.30937391466763,1,1,1,
G2 Conditioned,68,1641739556,0.212692338239258,1.19341700800684,0.949038445311135,0.981381461741604,1.55100550015866,180,69.1113321460327,0.141028959804251,0.0674278695879776,2.09155295378629,1,1,1,
G2 Conditioned,69,1024913093,0.213659533894174,1.15621310483469,0.905479044189744,1.11079161040171,1.57815602326801,0,65.3385491412543,0.0822669803195752,0.035954704368616,2.28807277835342,1,1,1,
G2 Conditioned,70,1141331834,0.201845253152221,1.15175147260311,0.934103115463388,1.10869155279505,1.63244359396946,180,66.6279467447877,0.0795179854477955,0.041748224170812,1.9047034221731,1,1,1,
G2 Conditioned,71,930813870,0.190464583242556,1.17299126750775,0.927929317931997,1.02262554113991,1.61691559118018,0,68.8017892904441,0.0718834141491905,0.0364850783017624,1.97021405722783,1,1,1,
G2 Conditioned,72,1749452000,0.203829809723979,1.18437500795537,0.919262765701242,1.09442974641435,1.60221052903948,0,66.4986795602576,0.0831282878302571,0.0415544887582761,2.00046469862299,1,1,1,
G2 Conditioned,73,987541412,0.193188028250307,1.12099148594372,0.958692388808316,1.01899210554037,1.55032121223013,0,65.7498682350126,0.0986683197489546,0.0601731504623435,1.63973996692597,1,1,1,
G2 Conditioned,74,1006158563,0.201281423836343,1.17307727039825,0.872793206412086,1.02401886846405,1.60885745439561,180,67.6531834735626,0.126384381911724,0.0563167274934629,2.24417127089628,1,1,1,
G2 Conditioned,75,69692183,0.227965291648214,1.16547965703419,0.887162789748015,1.10136376871464,1.55217966192806,0,66.9751811171198,0.12504518934421,0.076304803651272,1.63875907361863,1,1,1,
G2 Conditioned,76,294551016,0.203398151725356,1.17141390193549,0.886307574493301,1.10904301348213,1.60235549541375,180,66.4439315168109,0.0947048447402059,0.0481525531269084,1.96676683976874,1,1,1,
G2 Conditioned,77,441991233,0.195500593792718,1.13224834506233,0.960615630585065,1.05635675863074,1.62118582962685,180,66.1433556249747,0.0507076340520909,0.0304274184086563,1.66651121600461,1,1,1,
G2 Conditioned,78,502807380,0.212765701163126,1.13373372973093,0.974378921607993,1.11353286255528,1.55562017797446,180,65.113818410255,0.0702060893000359,0.0390980055545312,1.79564374970783,1,1,1,
G2 Conditioned,79,755445638,0.202686851521757,1.18055732698947,0.957384104597033,1.08854493482041,1.63676869912204,0,68.4542934989645,0.0637398392755432,0.0346259105682089,1.84081337442328,1,1,1,
G2 Conditioned,80,1432013133,0.228435290615549,1.13965134925022,0.861389556559016,1.05182464220183,1.56021593640628,180,69.7761634329873,0.0846659017615779,0.0474164664254243,1.78558016116066,1,1,1,
G2 Conditioned,81,1391544612,0.200327815684885,1.19574096698453,0.863109736933326,1.06102160338247,1.59845713112723,180,68.003843942226,0.0682592423751587,0.0369468048712502,1.84750055148271,1,1,1,
G2 Conditioned,82,82183473,0.205815442985798,1.17131821582758,0.956614902482431,1.07781888225479,1.58134055228483,180,65.6855293258325,0.0729114057035251,0.0437119191430175,1.66799827445169,1,1,1,
G2 Conditioned,83,620232074,0.192459340945961,1.14848252569781,0.867371247178635,1.08080385455267,1.54375503623379,0,65.5440361900321,0.082412900346031,0.0494678422374592,1.66598939065154,1,1,1,
G2 Conditioned,84,1069932597,0.213941304842437,1.16808224924755,0.921600749410874,1.08266142851297,1.56980253109563,180,66.6601351224701,0.0666340866249387,0.0302872329292111,2.20007178538493,1,1,1,
G2 Conditioned,85,90215643,0.210292152214545,1.1824139343177,0.850604680657576,1.09052620095622,1.62762764513768,0,68.8381637930831,0.117956409250822,0.0521002077964952,2.26402953538234,1,1,1,
G2 Conditioned,86,519249537,0.209127848612402,1.18855857804279,0.96969656543459,1.06802810647249,1.60197365732855,0,68.2431736470491,0.0552332987424896,0.0275150807646084,2.00738275911347,1,1,1,
G2 Conditioned,87,156289261,0.204050286208636,1.1676682465141,0.917540864153428,1.08290282215077,1.58555359187714,0,67.275314482098,0.0552192682076715,0.0296809349202986,1.86042886977618,1,1,1,
G2 Conditioned,88,1060693286,0.196171560231066,1.12807762297758,0.880903289838554,1.02288221023635,1.61599814319038,180,68.317926243062,0.0692435317454383,0.0429451796143365,1.61237029085152,1,1,1,
G2 Conditioned,89,18773667,0.220263581289838,1.13394780114775,0.851973414512683,1.10224418409856,1.54461053220322,180,66.6514801159259,0.0781795682790626,0.0335104812438816,2.3329885270847,1,1,1,
G2 Conditioned,90,848421398,0.212723024861219,1.15005656736691,0.95920622415585,1.00945340336793,1.59425105084128,0,69.3184702233211,0.150737619406932,0.0665206284766538,2.26602819093682,1,1,1,
G2 Conditioned,91,286174382,0.204670844451033,1.15982436877759,0.977542704616559,1.0507124909208,1.55621621149581,0,66.0282159256922,0.0925886547780513,0.0452680615353388,2.04534171859273,1,1,1,
G2 Conditioned,92,1481504756,0.21916549993866,1.14331411725718,0.955455416158836,1.03871005907278,1.55134643862105,0,67.4536792354644,0.0875283773191666,0.0406706664634923,2.15212547347204,1,1,1,
G2 Conditioned,93,1471252853,0.210457953364446,1.17256515235642,0.930499018846278,1.10805274761012,1.58361913984936,0,67.1544946132454,0.0650556295489963,0.0389261372254784,1.67125829034008,1,1,1,
G2 Conditioned,94,1415547984,0.191507669227674,1.17307285139168,0.865544548911517,1.04020336421245,1.60616964101249,0,68.2944443825269,0.124953836151595,0.0731638604652563,1.70786280763482,1,1,1,
G2 Conditioned,95,519881199,0.194231816621855,1.12135490388515,0.859560676845919,1.03409575375684,1.62808879357267,0,69.0024559145644,0.0786949933676758,0.0441651424268109,1.7818349278073,1,1,1,
G2 Conditioned,96,1282728096,0.209538557580904,1.18067608729473,0.969451389953719,1.03329243102008,1.59188481366167,0,68.1776205879529,0.0944650364823158,0.052914832221304,1.78522793169291,1,1,1,
G2 Conditioned,97,1188605770,0.221788878161911,1.1406654480843,0.871206188496738,1.06934761062375,1.62752882377555,0,69.7289082233879,0.0747517580606497,0.0400151582048114,1.86808603074976,1,1,1,
G2 Conditioned,98,1978385959,0.193459109982728,1.1486147032055,0.887189526814986,1.01744726460536,1.55663961345943,180,67.3630461074613,0.0699101692056011,0.0415970274636815,1.68065300499272,1,1,1,
G2 Conditioned,99,1900628754,0.205159467779102,1.19450180573719,0.949812899295589,1.00172629345739,1.57927476433575,0,69.7503078582131,0.134499162086882,0.0617914308067121,2.17666366243573,1,1,1,
G2 Conditioned,100,1429647207,0.193955913314191,1.13332729344248,0.904743739709152,1.02605315617076,1.61599055532663,180,68.9129547766134,0.0773684274144158,0.0338809474655408,2.28353789377067,1,1,1,
